Unique Title to Describe Different Product,SKU / UPC,Variation Title,Cost,External Price,Category ID,Amazon Link,eBay Link,AliExpress Link
Langsdom Wireless Headphones Bluetooth 5.0 Sports Magnetic Earbuds,X002911LMF,9 Hours Playtime 3 EQ Setting Noise Cancel Black,3.5,25.99,80077,https://www.amazon.com/Langsdom-Headphones-Bluetooth-Earphones-Waterproof/dp/B07V6NQGXK/ref=sr_1_6?crid=1YMF7UYFR8BAD&keywords=langsdom+wireless+earphones&qid=1565395081&s=gateway&sprefix=longslom+wireless+e%2Caps%2C182&sr=8-6,https://www.ebay.com/itm/Langsdom-Wireless-Headphones-Bluetooth-5-0-Sports-Magnetic-Earbuds-HD-Audio-9-Ho/183914296694?hash=item2ad2257576:g:VU0AAOSwLjhdTI8n,
TROGONIC TE1 Bluetooth 5.0 IPX5 Mini Waterproof Bluetooth Earbuds ,X002456WLL,"35H Playtime, Deep Bass, Noise Cancelling",3.5,39.95,80077,https://www.amazon.com/Wireless-TROGONIC-Bluetooth-Playtime-Cancelling/dp/B07QG54241/ref=sr_1_1_sspa?crid=1KB85SUO12WH1&keywords=trogonic+wireless+bluetooth+earbuds&qid=1565395579&s=gateway&sprefix=troginic%2Caps%2C188&sr=8-1-spons&psc=1&spLa=ZW5jcnlwdGVkUXVhbGlmaWVyPUEzSldFVzFDQVBZUDdWJmVuY3J5cHRlZElkPUEwNTYxMTg0MUtRVDBHRENKOVgzMiZlbmNyeXB0ZWRBZElkPUEwNzM1MzYzVTFNVEtQWVVEOUVMJndpZGdldE5hbWU9c3BfYXRmJmFjdGlvbj1jbGlja1JlZGlyZWN0JmRvTm90TG9nQ2xpY2s9dHJ1ZQ==,https://www.ebay.com/itm/Wireless-Earbuds-TROGONIC-TE1-Bluetooth-5-0-IPX5-Wireless-Bluetooth-Earbuds/383049018995?_trkparms=ispr%3D1&hash=item592f802e73:g:m9wAAOSwrVddKqBj&enc=AQAEAAAB4BPxNw%2BVj6nta7CKEs3N0qUVrjpaifKMlmayxChyU2O0QxLqeImgTWJJ0QgBR772HGM%2BJA86mAQPCQfqWQM8kWxtIIxg4bYsHj%2F%2BVqGCoUCSwBTZbwr8xBdYh5YR3XEE%2BwAgg%2FzUIgSa5eXRyGCFjI9tkpb%2Bm5WM0V7i4yxxWqfhaN0TEINPhkTEkGMbosxa1EYXM%2Bzz3JJjLjf%2BsT518NbruLCFNskMcrmCNotY7j%2FbzTfuggVsaCrA6wels1UPod1lNJMJ0xAMsJ8y3cB5MvhTA2%2BhRl%2BsEPgit6%2FRscftZYDjz%2F9S5NV75TR8L%2BAUrN%2FB65GAbv%2F1RzUnUljq799wSOUyNC1NYKQenwdwAwoutIeWHgrnkkUraQ6xdhyDV864FwR8%2F2XVI%2FmC1H%2FkYlUSVWcDeMfBCo3o4AxbL1NZ1Ko5EkPAdeM1q85Sh%2B7PJDVJ5UOyu3k6miJnXBfLDt04OJ5GLZYg1hQT1cBoeTtJAwavbVHL3XbFjBnh6g8mIKX5wUdkPAQJHVGLAizUUF%2BTrW3nsY8qPX7IwNNtwlKz6qyriS4M3xWjZ5UkMBR8EDMDbJYauvzCtsCZ5AceIL0fHcRCxSG8M3jJdWSR5Jz9Wk0zynYv7mNiJp4xbvt2Aw%3D%3D&checksum=383049018995ef8ab6559f154fa0a276e9a4c0dee1ec,
Lintelek Fitness Tracker - Sport Pedometer Odometers Color Screen Watch with Heart Rate Blood Pressure,X002923QKT,Smart Bracelet Gift for Kids Women and Men,3.5,59.99,179798,https://www.amazon.com/dp/B07V5TPBYB/ref=cm_sw_r_oth_api_i_0SGtDbFCHH9CP,https://www.ebay.com/itm/Lintelek-I3HR-Smart-Band-Wrist-Fitness-Tracker-Blue/264371957913?hash=item3d8dcbf099:g:rfYAAOSwS8tdDavN,
"DKSPORT Fitness Tracker HR, Activity Tracker Watch with Heart Rate Monitor",X0026IBY4L,Sleep Monitor Calorie Counter Pedometer,3.5,29.99,179798,https://www.amazon.com/DKSPORT-Activity-Resistant-Bracelet-Pedometer/dp/B07RXSY1CK/ref=sr_1_3?keywords=DKSport+Fitness+Tracker&qid=1565396147&s=sporting-goods&sr=1-3,https://www.ebay.com/itm/DKSPORT-Fitness-Tracker-HR-Activity-Tracker-Watch-with-Heart-Rate-Monitor-I/273918947514?hash=item3fc6d770ba:g:ZSoAAOSwkTVdIVjz,
Fitness Activity Tracker CatShin CS06 Fitness Tracker Watch Band,X0023XXBH7,1.22inch IP68 150mAh (20 days standby),3.5,34.99,178893,https://www.amazon.com/Activity-CatShin-Preasure-Waterproof-Pedometer/dp/B07QC6DDZ5/ref=sr_1_1?keywords=catshin+tracker&qid=1565396515&s=sporting-goods&sr=1-1,https://www.ebay.com/itm/Waterproof-Activity-Tracker-IP68-CatShin-CS06-Fit-Smart-Watch-with-Heart-Rate/273953186299?hash=item3fc8e1e1fb:g:M9YAAOSwuyNdQ~lN,
"Mgaolo Fitness Tracker HR,Activity Tracker Waterproof Smart Watch Wristband",X0022YY7VB,Heart Rate Blood Pressure Sleep Monitor ,3.5,35.98,179798,https://www.amazon.com/Mgaolo-Activity-Waterproof-Wristband-Pedometer/dp/B07NQ528T6/ref=sr_1_1_sspa?keywords=mgaolo+fitness+tracker&qid=1565396951&s=sporting-goods&sr=1-1-spons&psc=1&spLa=ZW5jcnlwdGVkUXVhbGlmaWVyPUEyVVVRT1RZMDdCQVhMJmVuY3J5cHRlZElkPUExMDQ4MDUzMzRLU0tZM0taWjdXVCZlbmNyeXB0ZWRBZElkPUEwNjYwMDM4MlBNMTJQVFJZVzdFSSZ3aWRnZXROYW1lPXNwX2F0ZiZhY3Rpb249Y2xpY2tSZWRpcmVjdCZkb05vdExvZ0NsaWNrPXRydWU=,https://www.ebay.com/itm/Mgaolo-Fitness-Tracker-Hr-Activity-Tracker-Waterproof-Smart-Watch-Wristband-New/223546864411?_trkparms=ispr%3D1&hash=item340c6e731b:m:mCVHGrORyyb0xww5VDcmODw&enc=AQAEAAAB4BPxNw%2BVj6nta7CKEs3N0qWypRKQGmkUSE86yfDnvhe1c4rTsWZwdgXt%2Fk%2F%2F1GTVkGqQ47V0CTVK8dERziRF6P719V9j%2FHrRU%2B6nAwYVATgLeHI9tIqX33PNSfHzxlzt7p0EYLhUHwrxT%2BstgDlSRT2lEykTqpuXerNTUCneu6xKJfyxPJsb9mQhs3RNl73yQE1u2PJhBRMUu%2F%2B1eUlBJMhu5ssqkbYrn9nAa1vD1TmDhLpJ3eOt4Mnxkps7o433dJFlRuF3OfC%2FEP76SFZVZcbWaYObxKRbDaO26Nx7q5gdL2VrklybiQYrmmCeJs%2FdMzC4cgzYNxde6b6boscgR5nFfHXIPKL4XUI89sQl3vOr7tmMMRNBqFpBedh9E4nWsFPcaTQtNjAMb3nLuSKZBrDjqxRzuwuMaVHuEDwTkVK%2BwYGW8z4XaosDpQpIwfdkN0%2F%2FvX9uSf2XNc3iNoHMmH5A89%2FCZpxSurXqfw4byWy%2F0mbuY6A979TtUtfNL4ez4U5eNznBql4qxkMlZ9fa3X7QM1QTzbeLhy6CryimQ%2F3PCE490IwEMYI%2B9imk8gIrYMnlSNiC8Ww6Xa7ZJ%2Bqbhc%2F1O7Di8OlDEM5TbXXJj4j0WkYs46jRBrbkeUh66gCXhg%3D%3D&checksum=223546864411edb433c3dcd74281920b3613315a027a,
"Kuulaa M17 Earphones Wired in Ear, Full Metal Stylish",X0026ZF2UB,"3.5mm Jack, Hi Res Stereo Deep Bass",3.5,12.99,112529,https://www.amazon.com/Kuulaa-Comfortable-Microphone-Headphones-Samsung-Red/dp/B07SD9XCNF/ref=sr_1_1?keywords=Kuulaa+M17+Hi+Res+Stereo&qid=1565397941&s=sporting-goods&sr=8-1,https://www.ebay.com/itm/M17-Earphones-Wired-in-Ear-Full-Metal-Stylish-and-Comfortable-Earbuds-with-Micr/362707498944?hash=item54730d37c0:g:FT4AAOSwC4FdN5Gj,
"LETSCOM Fitness Tracker with Heart Rate Monitor, Slim Sports Activity Tracker Watch",X001S0RZZZ,"Smart Connectivity, Premium Design",3.5,29.99,179798,https://www.amazon.com/LETSCOM-Fitness-Activity-Waterproof-Pedometer/dp/B07D1193YB/ref=sr_1_8?keywords=Letscom+Fitness+TRacker&qid=1565398231&s=gateway&sr=8-8,https://www.ebay.com/itm/Letscom-Fitness-Tracker-HR-Activity-Watch-Heart-Rate-Slim-Band-ID115UHR/193027862642?_trkparms=ispr%3D1&hash=item2cf15b7072:m:mPJfxQTBmtRzUUphK3IMNvw&enc=AQAEAAAB4BPxNw%2BVj6nta7CKEs3N0qVg%2Faq46BWNYK8assL97LE%2BLmCzqtR1l0rJYsyW377QoSC6iF7Z63OSVJ6J1erVzdHwNddwQ8iljOMxzj5q6GLhTVObCzRCpv5ZRzESf34XRizEVOq2RuELd98JYUivPYwvKpmfTBOR90EccufhB5h1ynBbu0gULuOpD1Sqg%2Fpcrb5QO7dPao6JriQDrQJ%2FhKaVsWGs%2FXnpAdoLUZK9QuLGcCOfehQ%2Fj4Vv8ckzTJWQRgG6KZGeowtpDRquEzOa6JjhkRim%2BM8tfeXe3zyUFxGuNeJYDm2LvKUWmINnIqQFb1hCJbHL4usOlTxbR1f1lSlPWPqlXxSl8Tgu0zaiJjoHzYJlOy5hitrnBe7XxmiVNS%2BxLeJwLwMXCV8B3NLk2fnSifa2%2BT3M0byPudjZIOAfieiUSQ0ijlRX%2F%2F22HzoimSSN9607eWKbq2lidgxQngu8%2BPr3EOwyzIqQ9AGYp1HiH7oZPv7P8qrauxBLDIlzSkYdhQrv0dgW2lAM31fcsi75albH8pFC4VDbPqg5mLVwwZEEqn8q8dgJh9u0bwT13j1UoSrakbFFQBsXrB060e0fug5XVxdoGuIojKni055CgD5UV%2F8y1Fl4xMnth0NAUA%3D%3D&checksum=1930278626429443df11cad040dd9e0b568b33cc9564,
Evach Active Stylus Digital Pen with Ultra Fine Tip Stylus,6.15E+11,"Drawing Stylus Pen, White",3.5,36.99,176981,https://www.amazon.com/Digital-Compatible-Samsung-Capacitive-Touchscreen/dp/B07528YXC1/ref=sr_1_3?crid=5EJOJNSPQS7O&keywords=evach+active+stylus+digital+pen&qid=1565398545&s=gateway&sprefix=Evach+%2Caps%2C195&sr=8-3,https://www.ebay.com/itm/Evach-Active-Stylus-Digital-Pen-1-5mm-Ultra-Fine-Tip-iPad-iPhone-Samsung-Tablets/173870547532?epid=28022843293&hash=item287b7e024c:g:lqIAAOSwRE9brUQ-:sc:USPSFirstClass!91755!US!-1,"https://www.aliexpress.com/item/32997369424.html?spm=a2g0o.productlist.0.0.404d4774jSyGPc&algo_pvid=a246b8b6-fcf0-42e7-af6d-75df6a10894c&algo_expid=a246b8b6-fcf0-42e7-af6d-75df6a10894c-0&btsid=d8fc046c-cb27-4577-8a75-eb37ddeb63d6&ws_ab_test=searchweb0_0,searchweb201602_9,searchweb201603_52"
Blood Pressure Monitor for Upper Arm - Accurate Digital Automatic BP Monitor for Home Use with Large Display and Portable Cuff,X0020AJPCD,"Clinically Accurate, 240 Mode & 2 Users Mode",3.5,27.99,75072,https://www.amazon.com/Blood-Pressure-Monitor-Upper-Arm/dp/B07NPB49RY/ref=sr_1_3?keywords=Lovia+Blood+Pressure+Monitor&qid=1565399886&s=gateway&sr=8-3,https://www.ebay.com/itm/Blood-Pressure-Monitor-For-Upper-Arm-Accurate-Digital-Automatic-BP-Home-Use/123869597709?hash=item1cd734100d:g:6ewAAOSwfbJdTc80,
"Sensitive and Adjustable Non-contact Voltage Tester With LCD Display, LED Flashlight, Buzzer Alarm",X0027BLQEP,Non-contact Voltage Tester With LCD Display,3.5,12.59,4678,https://www.amazon.com/KAIWEETS-Sensitive-Adjustable-Non-contact-Flashlight/dp/B07SL4NSS1/ref=sr_1_1_sspa?keywords=kaiweets+sensitive+and+adjustable&qid=1565398425&s=gateway&sr=8-1-spons&psc=1&spLa=ZW5jcnlwdGVkUXVhbGlmaWVyPUExMVlPSEVUS0lXUEw5JmVuY3J5cHRlZElkPUEwMDk0MzgyM0pWUEE3Wlo2UVIzTSZlbmNyeXB0ZWRBZElkPUEwNDkzOTkyMVQyRzhNTUY3RkdEViZ3aWRnZXROYW1lPXNwX2F0ZiZhY3Rpb249Y2xpY2tSZWRpcmVjdCZkb05vdExvZ0NsaWNrPXRydWU=,https://www.ebay.com/itm/Non-Contact-Voltage-Tester-with-Adjustable-Sensitivity-LCD-Display-LED-Flash/153592311251?hash=item23c2d0add3:g:f6cAAOSwtjBdRj6y,
Mini Spy Camera WiFi Hidden Camera HD 1080P Small Nanny Cam Home Office Security Camera with Motion Detection,X0020X67OJ,Mini Spy Camera WiFi Hidden Camera HD 1080P,3.5,37.99,48638,https://www.amazon.com/dp/B07MMQLPD6/ref=cm_sw_r_oth_api_i_QIHtDb4M2Q9D9,https://www.ebay.com/itm/Wireless-HD-1080P-Home-Security-Camera-Motion-Detection-Video-Recorder-Nanny-Cam/254203817916?hash=item3b2fba6fbc:m:mzxuBNGknHCoWWJkdIooJDQ,
"AMIR Pet Nail Grinder, Dog Nail Clipper Trimmer,Gentle Paws Premium Electric Nail Grinder Grooming Kit,for Dogs,Cats/Pet and Other Medium & Small Pets",X0020FX8TJ,Gentle Paws Premium Electric Nail Grinder Grooming Kit,3.5,9.99,177793,https://www.amazon.com/AMIR-Grinder-Electric-Grooming-Included/dp/B01B4J6JN2/ref=sr_1_3?keywords=Amir+Pet+Nail+Grinder&qid=1565398600&s=gateway&sr=8-3,https://www.ebay.com/itm/AMIR-Pet-Nail-Grinder-Dog-Nail-Clipper-Trimmer-Gentle-Paws-Premium-Electric/202721250962?epid=24018858709&hash=item2f3320ce92:g:5bkAAOSwo4VdF1Py,
Blackhead Remover Vacuum - Villsure Pore Vacuum Facial Pore Cleaner with Strong Suction - USB Rechargeable Electric Suction Acne Comedone Extractor Kit with 5 Probes for All Skin Treatment,X0027JZGGB,USB Rechargeable Electric Suction Acne Comedone Extractor Kit with 5 Probes,3.5,25.99,29618,https://www.amazon.com/dp/B07SV1T7N6/ref=cm_sw_r_oth_api_i_G2HtDbQSE6SDK,https://www.ebay.com/itm/Blackhead-Remover-Vacuum-Villsure-Pore-Vacuum-Facial-Pore-Cleaner-With-Strong/254317250319?hash=item3b367d470f:g:u7QAAOSwiR5dQux3,
"TryAce 2200W Exclusive Voltage Converter and 10A Travel Adapter with 4-Port USB,Power Converter Step Down 220V to 110V for Hair Dryer/Straightener/Curling Iron,US/UK/EU/AU Plug for 190+ Countries",X00285CRX9,2200W Exclusive Voltage Converter and 10A Travel Adapter,3.5,47.99,88759,https://www.amazon.com/dp/B07TFCY5RQ/ref=cm_sw_r_oth_api_i_rZHtDbZBG6QET,https://www.ebay.com/itm/TryAce-2200W-Exclusive-Voltage-Converter-and-10A-Travel-Adapter-with-4-Port-USB/303114762141?epid=19030165532&hash=item46930c379d:g:LIIAAOSwasZdTFtK,
"X8 Nursing Blackhead Remover, Pore Vacuum Rechargeable Electric Blackhead Remover Extractor",X0027W80LB,"45???, 5 Heads, 3 Levels",3.5,21.99,29618,https://www.amazon.com/Blackhead-Rechargeable-Electric-Extractor-Compress/dp/B07VNQXGR2/ref=sr_1_1?keywords=X8+Nursing+Blackhead+Remover&qid=1565401366&s=gateway&sr=8-1,https://www.ebay.com/itm/Blackhead-Remover-Vacuum-Heating-Conduction-Nursing-Blackhead-Instrument-Increa/254310817816?hash=item3b361b2018:g:xykAAOSwdx5dOxAD,
"Hair Removal for Women, Tencoz Flawless Facial Hair Remover 2-in-1 Womens Electric Razor Shaver for Facial, Legs, Underarms and Bikini, Eyebrow Trimmer-USB Rechargeable",X0028C7A07,Flawless Facial Hair Remover 2-in-1 Womens Electric Razor Shaver for Facial,3.5,26.99,37802,https://www.amazon.com/dp/B07TJVVG61/ref=cm_sw_r_oth_api_i_UUHtDb8PV2RTS,https://www.ebay.com/itm/Women-Electric-Facial-Hair-Eyebrow-Trimmer-Razor-Blade-Shaver-Remover-Flawless/183231152726?hash=item2aa96d8256:g:MHoAAOSw8Opa~ltf,
"Electric Pepper Grinder or Salt Mill Spice Tall Power Shaker, Gravity Control Battery Powered With Blue LED Light, Adjustable Ceramic Coarseness",X002982FDR,Electric Pepper Grinder or Salt Mill Spice Tall Power Shaker,3.5,17.99,177008,https://www.amazon.com/Electric-Grinder-Gravity-Adjustable-Coarseness/dp/B07VK2BD2H/ref=sr_1_1?keywords=electric+pepper+grinder+and+salt+spice+tall+power+shaker&qid=1565399832&s=electronics&sr=8-1,https://www.ebay.com/itm/Electric-Pepper-Grinder-And-Salt-Mill-Spice-Tall-Power-Shaker-Gravity-Control/113817102915?hash=item1a80072a43:g:4dgAAOSwHGxdKoB0,
Trail Camera 12MP 1080P HD Game&Hunting Camera with 130??,X0023TBOH5,42 Pcs 940nm Updated IR LED (20M/65FT) IP66,3.5,79.99,52505,https://www.amazon.com/APEMAN-Hunting-Detection-Wildlife-Protected/dp/B071RCVG95/ref=sr_1_1_sspa?keywords=HD+Digital+Trail+Camera&qid=1565401693&s=gateway&sr=8-1-spons&psc=1&smid=A1FYYQ65E5PX24&spLa=ZW5jcnlwdGVkUXVhbGlmaWVyPUEzSkkxVUpLQlpYNDhHJmVuY3J5cHRlZElkPUEwMjMxMjI0MjRDODZHUk5VUzNZViZlbmNyeXB0ZWRBZElkPUEwMTY3MDkxMldLRUtYWTNXOEhJQiZ3aWRnZXROYW1lPXNwX2F0ZiZhY3Rpb249Y2xpY2tSZWRpcmVjdCZkb05vdExvZ0NsaWNrPXRydWU=,https://www.ebay.com/itm/APEMAN-Trail-Camera-12MP-1080P-HD-Game-Hunting-Camera-with-130-Wide-Angle-Lens/153499052571?epid=24005259966&_trkparms=ispr%3D1&hash=item23bd41aa1b:g:SasAAOSwkBNc5hYv&enc=AQAEAAACABPxNw%2BVj6nta7CKEs3N0qVHk7Le7pUHGPUDXa2If7Q0xa7ltM%2BU1vGUcPOaIU%2BVCblp5H%2BcsGcYyAcFuxzDTueiGHI8ZlhKMtD%2BmpNpmQLYn0hsshxHJZSSvjiqYrCuTOQbLj4XVtZzeaYWic7UUdUlWXe7v11FpdCa2F2seI4kdepVjc7%2B2%2BhbNS5o76Qc4H9I6woxesx8dlGZohV9IW0LJ1i%2Fn4bDvbYhz9jtaH4sogqyBcSNSBbNrud8q7NCiNOSqq58ZUfI6NpFnkC2k5%2FVDU3lGQAs3hc8Z7SVNhI%2BldC7el14zzLlmKXSC1YtaRYPA6OTWiuHouhH%2Bwei9Q0%2FiGeYkVP27IXeuoR8b%2FWyH0HNODPnX5yyYSRFMn9zFlZrZZu1grKxSeU0t%2B94EsM7sUu187gnPT4zkLRBwhLm9TFWpX1cIYiDI%2BOIOxNG28PFSgIvuuug0xzqDq%2BcNmZpRDTYDh1YwbSZw%2B3CFR1pUkPMR%2FR1l%2ByIQHfDimVT8mmhE24CHQYfjVqfrsBf9VdK%2FIw2M%2BLujuXXhUTSufBfa4j0lMxQfKEyD%2BoI4XYMyaKVsrW4WtDBz2cHBFNGqcAl8dIxOpWhO%2B%2Bk8XJs5lzI21atO14p8%2FA1eOWc%2BZOU8cq7zohJwN6nOLeZL9mk1EsxSImeMipYm6%2FiKNkfa6y4&checksum=153499052571c94207a894a7416b94e8296c2b6abee8,
G-Cord Full Size Wireless Mechanical Rechargable Keyboard with LED Backlit for Gaming or Office (104 Key),X001Z0TVYB,Full Size Wireless Mechanical Rechargable Keyboard with LED Backlit,3.5,59.99,47779,https://www.amazon.com/G-Cord-Wireless-Mechanical-Keyboard-Connection/dp/B07CZHVXMG/ref=sr_1_1?keywords=G-Cord+104+keys+2.4G+wireless+mechanical+keyboard+black&qid=1565401546&s=electronics&sr=1-1,https://www.ebay.com/itm/G-Cord-Full-Size-Wireless-Mechanical-Rechargable-Keyboard-with-LED-Backlit-for-G/223567591654?hash=item340daab8e6:g:-48AAOSwY-ldFLOI,
"Rechargeable Wireless Keyboard Mouse, Jelly Comb 2.4GHz Ultra Slim Full Size Wireless Keyboard Mouse Combo for Laptop, Notebook, PC, Desktop, Computer, Windows OS",X0023P292X,Jelly Comb 2.4GHz Ultra Slim Full Size Wireless Keyboard Mouse,3.5,39.99,47779,https://www.amazon.com/dp/B07JVX6582/ref=cm_sw_r_oth_api_i_2cItDb7AGCW39,https://www.ebay.com/itm/Jelly-Comb-Wireless-Keyboard-Mouse-2-4GHz-Ultra-Thin-Full-Size-Black/333094858549?hash=item4d8e002f35:g:wh4AAOSwGEJcdrGm,
"Wireless Keyboard and Mouse Combo, 2.4G USB Full-Size Ultra Slim Compatible with MAC PC Laptop Ultra-Thin Laptop Desktop, Available for Windows OS Android DPI800/1200/1800 Mute (Silver White)",X001SF2WY9,2.4G USB Full-Size Ultra Slim Compatible,3.5,28.99,47779,https://www.amazon.com/dp/B07D76DKXR/ref=cm_sw_r_oth_api_i_p-HtDb9E2SNSY,https://www.ebay.com/itm/Sale-Ultra-Thin-2-4G-Wireless-Keyboard-and-Mouse-Combo-function-keys-PC-Mac-Win/223586090821?hash=item340ec4ff45:m:mrZ71qxrexTKMujCEjDcsYw,
"Wireless Keyboard and Mouse Combo, 2.4GHz Ultra Slim Full Size Wireless Keyboard Mouse with Number Pad for Windows 10, Laptop, PC, Computer, Desktop - Black",X002897FUP,2.4GHz Ultra Slim Full Size Wireless Keyboard Mouse,3.5,27.99,47779,https://www.amazon.com/dp/B07TDS6K8N/ref=cm_sw_r_oth_api_i_Y6HtDbX6J2E01,https://www.ebay.com/itm/USB-Wireless-Keyboard-Mouse-Combo-2-4GHz-Slim-Full-Size-For-PC-Laptop-Desktop/153301688557?epid=18024304263&hash=item23b17e20ed:g:T78AAOSwTiVcEhte,
Supsoo Gaming Headset,,,3.5,,,https://www.amazon.com/Gaming-Headsets-Headset-Headphones-Control/dp/B07RSB4H27,,
MagicLux Tech Decorative Led Lights Solar Powered Waterproof,X0024CUEJP,72ft 200LED (warmwhite),3.5,16.94,116022,https://www.amazon.com/Outdoor-Waterproof-Function-Christmas-warmwhite/dp/B07QX677R5/ref=sr_1_3?keywords=LETTON+solar+fairy+string&qid=1565403003&s=gateway&sr=8-3,https://www.ebay.com/itm/Solar-Fairy-String-Lights-Outdoor-Waterproof-WOOHAHA-72ft-200LED-Updated/183113095391?epid=8011740562&hash=item2aa26418df:g:ingAAOSw1J5an2zq,"https://www.aliexpress.com/item/32972325519.html?spm=a2g0o.productlist.0.0.6f587899P26q1I&algo_pvid=dda1680f-a66d-427a-8242-3a81bccaa551&algo_expid=dda1680f-a66d-427a-8242-3a81bccaa551-7&btsid=44b0df48-fba0-4b62-9464-ade3747f1ced&ws_ab_test=searchweb0_0,searchweb201602_9,searchweb201603_52"
ZIKU Wireless Charger.6 in 1 Aluminum Alloy 80W 14A 5-Port USB Wireless Charging Stand Station Dock for Airpods 1/2 Apple Watch 4/3/2/1 iPhone X/XS/XR/Xs Max/8/8 Plus-Built-in Adapter,X0028K1GRH,6 in 1 Aluminum Alloy 80W 14A 5-Port USB Wireless Charging Stand Station Dock for Airpods 1/2 Apple Watch 4/3/2/1 iPhone X/XS/XR/Xs Max/8/8 Plus-Built-in Adapter(Gray),3.5,59.99,123417,https://www.amazon.com/ZIKU-Wireless-Charger-6-Aluminum-Plus-Built/dp/B07RNL5D9S/ref=sr_1_3?keywords=WIRELESS+CHARGER+ZIKU&qid=1565402188&s=wireless&sr=1-3,https://www.ebay.com/itm/ZIKU-Wireless-Charger-6-in-1-Aluminum-Alloy-80W-14A-5-Port-USB-Wireless-Charging/113844464456?hash=item1a81a8ab48:g:eBwAAOSwqatc--8X,
Giveet BTheadset,,,3.5,,,,,
Yamay M98 Wireless Headset,,,3.5,,,,,
NUBWO Gaming headsets PS4 N7 Stereo Xbox one Headset Wired PC Gaming Headphones with Noise Canceling Mic,X001YTQA33,"Stereo Sound, Noise Cancelling Mic",3.5,59.99,80183,https://www.amazon.com/NUBWO-headsets-Headset-Headphones-Canceling/dp/B07KXMMXKP/ref=sr_1_3?keywords=Nubwo+N7+gaming+headset&qid=1565402236&s=gateway&sr=8-3,https://www.ebay.com/itm/NUBWO-Gaming-headsets-PS4-N7-Stereo-Xbox-one-headset-Wired-PC-Gaming-Headphones/372669584610?_trkparms=ispr%3D1&hash=item56c4d694e2:g:DM0AAOSwNbxc2f-W&enc=AQAEAAAB4BPxNw%2BVj6nta7CKEs3N0qWiXt%2B5uCvF2zvGumdD5MrDGmJ25X0RjUqgn2Q88WUYQSmKg09RfftrcuekvfbdR%2FRpuylRYOZjfNYCAJZWSp2F5BSWHlHPu144wvQ3%2F7ILKCKe0BtHcMsKMzYU6jXwyOfslolHSlbxTKr8q6uvKF9vxaKEv5tsXQ6KoSmZq8%2BwJ8TFx9JiycrVJ5GhE7lfh0LrfIl5EMmpUNXzvOH2Is3drU7zVPEUsZByJVR5EK2aIaXh%2BD6BIMof%2FVlpCELGNH%2BkWQwTteFu1zyZ0ZVwjOSmLPRKmfrW5Klaxww%2BpqkVYQWBZSUUSvu6Ez8o%2Fc%2F6AP4nqGkoI9ZD0cXWvmQZv2jet%2BSJShrIbRT18xFh%2B0bKyGrnBe3x6%2B3n5WA9Aj07STzhNh6NyBoQjbWaL87QmU%2FLjLB8jDvaJRHxo%2FrMouJtWD7AjF0u2BPZ6vWSBAHQUZUbAPOhhtp1YyZxzmmo9pcSvQG0OkOvU%2BWq5x9PIAT14%2B7zcsGXCUqmeHlgCniGGdGHE%2FNGdx0JoUDvTOUYI89rROEhKu0Yo0iLqmkMpnr6UTQINjV0vI6HKRPLxlc4usVM4u5PFA9%2BanOm1%2FRt%2FqF22WDFFrM3qVdQ4UFT0l2D6Q%3D%3D&checksum=37266958461036c9b5dec35c46edacbf27c35dc669d5,"https://www.aliexpress.com/item/32998449879.html?spm=a2g0o.productlist.0.0.33f65799G4Bw9U&algo_pvid=bf51780b-7a87-4848-b1ae-d8a9216a405a&algo_expid=bf51780b-7a87-4848-b1ae-d8a9216a405a-1&btsid=7d51c479-4b75-49b2-a847-c6018b5a5bdf&ws_ab_test=searchweb0_0,searchweb201602_9,searchweb201603_52"
"ENSTER Solar Battery Powered Security Camera with Motion Sensor Floodlight Outdoor, 1080P with Night Vision, Motion Detection, Waterproof Support Cloud and Max 32GB Micro SD Card- iOS, Android",X0024YACO5,"1080P with Night Vision, Motion Detection, Waterproof",3.5,89.99,48638,https://www.amazon.com/ENSTER-Security-Floodlight-Detection-Waterproof/dp/B07R6BXFJ9/ref=sr_1_3_sspa?keywords=Enster+Solar+Battery+Camera&qid=1565401867&s=electronics&sr=1-3-spons&psc=1&spLa=ZW5jcnlwdGVkUXVhbGlmaWVyPUExUjBXRDRJQk8xMkQ4JmVuY3J5cHRlZElkPUEwMDQ2OTkxTFNVM1BMMjdGMEZRJmVuY3J5cHRlZEFkSWQ9QTA1MjYxNzEyWE8wQkpMTURYOERIJndpZGdldE5hbWU9c3BfbXRmJmFjdGlvbj1jbGlja1JlZGlyZWN0JmRvTm90TG9nQ2xpY2s9dHJ1ZQ==,https://www.ebay.com/itm/ENSTER-Solar-Battery-Powered-Security-Camera-with-Motion-Sensor-Floodlight-Ou/264415680753?hash=item3d906718f1:g:dBQAAOSwJO9dQeye,
"Dash Cam, Abask Dash Camera for Cars with Night Vision and Parking Dash Cam Front and Rear Dual Camera with 4"" IPS Screens, 1080P Full Hd, G-Sensor, Wdr 170??Wide Angle and Motion Detection",X0028TSMXJ,"4"" IPS Screens, 1080P Full Hd, G-Sensor, Wdr 170??Wide Angle and Motion Detection",3.5,45.99,48605,https://www.amazon.com/Parking-Screens-G-Sensor-170%C2%B0Wide-Detection/dp/B07V6DT8GS/ref=sr_1_1_sspa?keywords=ABASK+DASH+CAM&qid=1565401703&s=electronics&sr=1-1-spons&psc=1&spLa=ZW5jcnlwdGVkUXVhbGlmaWVyPUExSTRMNk05WFRRWTRXJmVuY3J5cHRlZElkPUEwMDkzMjE3REhFWFpSWTBBRTdWJmVuY3J5cHRlZEFkSWQ9QTAxNTMxOTExN1cxT05QVThUQTdUJndpZGdldE5hbWU9c3BfYXRmJmFjdGlvbj1jbGlja1JlZGlyZWN0JmRvTm90TG9nQ2xpY2s9dHJ1ZQ==,https://www.ebay.com/itm/Dash-Cam-Abask-Dash-Camera-for-Cars-with-Night-Vision-and-Parking-Dash-Cam-Fron/113837114439?hash=item1a81388447:g:l4gAAOSwsgFdQKev,
"Beacoo Wireless Charger, 3 in 1 Charging Stand for Apple Watch Series 4/3/2/1, AirPods and iPhone Wireless Charger for iPhone Xs/X Max/XR/X/8/8Plus",B07RW9CNPM,3 in 1 Charging Stand for Apple Watch Series 4/3/2/1,3.5,33.99,123417,https://www.amazon.com/dp/B07RW9CNPM/ref=cm_sw_r_oth_api_i_UnItDb7BM874Q,https://www.ebay.com/itm/3in1-Qi-Wireless-Fast-Charger-Dock-Stand-For-Apple-Watch-Airpods-iPhone-X-Xs/273917904854?hash=item3fc6c787d6:m:mAW88AuHnJqdbobYWgm6FYw:sc:USPSFirstClass!91789!US!-1,
"Fitpolo Health Smart Watch, Waterproof Fitness Tracker HR with Sleep Monitor, Step Calories Counter, Stopwatch, Breath Training, Pedometer, Activity Tracker for Kids Woman Man",X0027ACRJJ,"Sleep Monitor, Step Calories Counter, Stopwatch, Breath Training, Pedometer",3.5,33.99,179798,https://www.amazon.com/dp/B07S8B9Q62/ref=cm_sw_r_oth_api_i_ytItDbF301S2T,https://www.ebay.com/itm/Fitpolo-Health-Smart-Watch-Waterproof-Fitness-Tracker-HR-with-Sleep-Monitor/283571295991?hash=item42062a96f7:g:AScAAOSwzBJdSHGR,
"HalfSun Fitness Tracker, Activity Tracker Fitness Watch with Heart Rate Monitor, Blood Pressure Monitor, IP67 Waterproof Smart Watch with Sleep Monitor, Calorie Counter, Pedometer",X00241WVKV,"IP67 Waterproof Smart Watch with Sleep Monitor, Calorie Counter, Pedometer",3.5,39.99,178893,https://www.amazon.com/HalfSun-Activity-Pressure-Waterproof-Pedometer/dp/B07Q83NT9H/ref=sr_1_2?keywords=1.3+INCH+FITNESS+TRACKER+SMART+WATCH%2C+IP67+WATERPROOF+ACTIVITY&qid=1565402465&s=sporting-goods&sr=1-2,https://www.ebay.com/itm/Blood-Pressure-Calorie-Pedometer-Heart-Rate-Monitor-IP67-Waterproof-Smart-Watch/392370847111?hash=item5b5b1ffd87:m:mPPNmFZWu0NEa1HE_8i0_GQ,
Xbox One Gaming Headset Stereo Over Ear Gaming Headset with Mic Noise Cancelling Volume Control for Xbox One/PC/Mac/PS4/Nintendo,X0028UYJ8P,Gaming Headset with Mic Noise Cancelling Volume Control,3.5,19.99,171821,https://www.amazon.com/dp/B07VB8HLSB/ref=cm_sw_r_oth_api_i_zDItDb2DYJNPR?th=1,https://www.ebay.com/itm/Gaming-Headset-for-Xbox-One-PS4-PC-Volume-Controller-Noise-Cancelling-Over-Ear/233283482930?epid=15025778061&hash=item3650c77532:g:m3YAAOSwJrdchJn1,
Kotion Each Pro Gaming Headset,6.94E+12,G9000 Gaming Headset Headphone 3.5mm Stereo Jack,3.5,25.99,112529,https://www.amazon.com/dp/B019C6N2WU/ref=cm_sw_r_oth_api_i_OFItDbQ044MW0,https://www.ebay.com/itm/Each-G9000-Gaming-Headset-Headphone-3-5mm-Stereo-Jack-with-Mic-for-PS4-Xbox-one/163108421108?hash=item25fa04fdf4:g:PSUAAOSwCpRbKg2t:sc:USPSFirstClass!91789!US!-1,
Xbox One Gaming Headset Stereo Over Ear Gaming Headset with Mic Noise Cancelling Volume Control for Xbox One/PC/Mac/PS4/Nintendo/Phone,X002674DUT,Xbox One Gaming Headset Stereo Over Ear Gaming Headset,3.5,16.99,171821,https://www.amazon.com/Gaming-Headset-Headphones-Canceling-Microphone/dp/B07RQRS1NV?th=1,https://www.ebay.com/itm/Xbox-One-Gaming-Headset-Stereo-Over-Ear-Gaming-Headset-with-Mic-Noise-Cancelling/123868934313?hash=item1cd729f0a9:g:dyAAAOSwwRtdTRQs,
"Mgaolo Smart Watch Fitness Tracker,Activity Tracker Smartwatch with Change Brightness Screen",X00268TSWV,Waterproof Wristband with Heart Rate Sleep Monitor,3.5,45.99,178893,https://www.amazon.com/Mgaolo-Smartwatch-Brightness-Waterproof-Wristband/dp/B07RQKQMQZ/ref=sr_1_5?crid=3BB1F8TP904TX&keywords=mgaolo+fitness+tracker&qid=1565404155&s=gateway&sprefix=Mgaolo+%2Caps%2C185&sr=8-5,https://www.ebay.com/itm/Mgaolo-Smart-Watch-Fitness-Tracker-Activity-Tracker-Smartwatch-With-Change-Brigh/283550014204?hash=item4204e5dafc:g:hbIAAOSwDV5dLbJd,
MagicLux Tech Decorative Led Lights Solar Powered Waterproof,X0027XSDKD,165ft 500LED,3.5,29.99,116022,https://www.amazon.com/Outdoor-Waterproof-Silvery-Christmas-Decoration/dp/B07TB1GGDC/ref=sr_1_8?crid=2LGS4H8FBTEUU&keywords=supsoo+solar+string+light&qid=1565403960&s=gateway&sprefix=supsoo+%2Caps%2C266&sr=8-8,https://www.ebay.com/itm/Outdoor-Solar-String-Lights-500-LED-Fairy-Waterproof-165ft-Silvery-Copper-Wire/264416663051?_trkparms=ispr%3D1&hash=item3d9076160b:g:fiUAAOSwB-ZdQvcf&enc=AQAEAAACEBPxNw%2BVj6nta7CKEs3N0qXXLR3VohrZEt9s1tBSCxDUfkuW9Ol9FeJt0j0EHfIsaWw5p5hGB8u4nLHiL9R3SQ9oacoErwSWK9%2BarMyFdBG51kLevU98ftgeAtwrLv%2B2kBCVBMGj9x7TCx4UZrA%2FECVTa59hHZ5vN6cgST9EG1rK574kxlIDZSaoiMS1Z%2BX0SnhkRdpKC6YstxNFtYIwoRgLAUvE%2BisNymDupXEua4um5z7Mq%2B1gCHNCSIdw6Uj3iqDuRy6Z6hMa6NN9yNxwfsrd%2FoymWrg26f1BihTxZuS1nBY6CkGLSP3%2FTxw1si%2B9KRyXt8jogl3v4YuEZ%2BWHvnWWvUSjTEbYhKfUNv0ErkwMX9bbsBycj2%2Fb9Ti8NGMpomvLj7s5GYbZtm9qkRTat97CyKVcih3Lb9ZXGaRsGPt7NA7exq62pab5iHhdCiJUrtZlHPEJ6DYMQzdcovJnWy5jxfkDA9hThYwk0TSirAWyYNtQJLFRgMjG8Abu3bY%2B44GWWay3a3L2cyxgk33aEGgh4LJI%2BQ3n%2BHi4xIWp2BdH%2F6rhd0JLrccZlOAHhp2tS%2FgoMJn%2FJ1FWbzN94SdIfAgygEAcFXBnRsfLRqdPPng2UhOPiFduaGHSx1bZVh9TTcphLBaMkw%2FxE1eI9UMtpOcmXuuPlPiL4OYAo6%2FLBHqfwXwUQEwGmYFC8tMbw%2B6gOg%3D%3D&checksum=264416663051c475b3bc2163466ea1e0db93245a7472,
MagicLux Tech Decorative Led Lights Solar Powered Waterproof,X0024KNFVL,72ft 200 LED (White),3.5,16.94,116022,https://www.amazon.com/Outdoor-Powered-Waterproof-Christmas-Gardens/dp/B07QV3PJTR/ref=sr_1_3?crid=2E5SVEOEK5ONM&keywords=solar+string+lights+letton&qid=1565403793&s=gateway&sprefix=LETTON+Solar%2Caps%2C327&sr=8-3,https://www.ebay.com/itm/Solar-Outdoor-String-Lights-72ft-200-LED-Solar-Powered-Xmas-Outdoor-Lights-Fairy/293160973603?_trkparms=ispr%3D1&hash=item4441c17523:g:M54AAOSwndZdNc-r&enc=AQAEAAACABPxNw%2BVj6nta7CKEs3N0qVz%2BjObt3Qz48FTsDeM61iCj1uwmo8fUSXhcMTt2c7qBUhPG3tpjZYe%2BHdlunhjGtxCPGkCOUHHsUsGxxY3M4qfR4urWK3KjnMXrfy47EaTTN5C85aY9NLPzAYc5lCjuIN%2FjxzUlteK%2BnfIbkNoaTX411aXRhaEE1WXGw9w9RIxAL6RnaG4Jkh4WpHiYIro1Q%2F7PeHDCCLkogpXaQkYPftd3WMxA5dM8Xl9ZNSIXaMe0T8C11DuE0qXRkHjQP4Y0uUvkdJr2jxz6CpNxjCrqkrrjshq1q0xlpqi966%2Bw36273vqeSO4yJG76zwwecarqtv6%2B6Pzqd7FwNgRxUW8BSgOrhnfDXXQpcQA0Z0VEUeUeCQunb4qnMvYxxxr%2F33qf64M1DlBkEheK6KSFFg2SEAfjhlhSR9Sc7T9aP2HTGv0jFMvVBvY7520xLYcP1%2BVgj1Aoa3VboHxQjrD%2F1VScpKNmh3HFY%2BH8va%2FqEUj5urG8jXiYo6uYS6bYUAVmt0trChztwxBmLSRO1cgL82nQntVYzyp1G%2BZPebJTbvLSKMuKO%2FpWQViX9WER80n7UbKhtTEp6vuQ2b%2FdCy5dd9QuTXuLDa6meDDwlUnPqKxz3lCJMZ8OIKmdRbg7OFAn63vce3I7QxUQg9Vwua%2BxDX%2BYXRJ&checksum=293160973603f18114aa2c8f466cab47b35a2beb7e37,
MagicLux Tech Decorative Led Lights Solar Powered Waterproof,X0025EX7NR,20ft 30LED (Multicolor),3.5,15.99,116022,https://www.amazon.com/JAR-OWL-Decorative-Lighting-Christmas-Multicolor/dp/B07RGNBGDG/ref=sr_1_4?crid=1D03YKSWVOWOC&keywords=jar-owl+solar+fairy+string+lights&qid=1565403529&s=gateway&sprefix=JAR-OWL+%2Caps%2C198&sr=8-4,https://www.ebay.com/itm/Solar-String-Light-20ft-30LED-Fairy-String-Lights-Bubble-Crystal-Ball-Lights-De/392374076167?_trkparms=ispr%3D1&hash=item5b5b514307:g:piMAAOSwRFldTGki&enc=AQAEAAACEBPxNw%2BVj6nta7CKEs3N0qUt9Ze73hd4NRqlFDcfd9C4mleKqrwFUuE5MtHy%2BCZHoq8LNOFJDZcBNCEI6WKa9W1SwHZGLHPlXVMp1vKRWPpFzRCtZhj6dC32eOSae8bMlO877qEQr%2Buk44Ah9vl%2FfAeLRFKs9pIu11Hs%2FTEEBTgui4dBDk%2Bq06GmJFCOuJ2SLMVmryvngBNyZf2C1VcHmG%2FLHjV0db7tBdKLQI2acw2jIFa032UdQk0KgdrIQQvZ17u7XpojdG4%2BxRC6fiIxvVztEBXul7XG1hToD6YWNrtLlnYdicjKRkzedzOGLSDTA9mTtmt4wX5S2bMpcFFomTr5jYPH8WpLUX%2FLPeDKsSUkHOf5tLO9ZEPhVc1IXwHPtYkp%2FMQXvuzadt48DhuOsBB4yybub11vB3L9W%2B1NNQoCIJQru9JC78T%2B5Z%2FcIUY85kuGcjkIFOEWLteSPCzfAo%2FAA24qYyVZN9TN85p47w2TNwfGFyEMqjXxX9j%2FtktqHbI1MKOJzirR6iM9AZdolIm66%2FmOiBqvBVWcfhZP9k%2BAxWQH5LYK8H6Td3BesEdyEjxqzRBEhiJLwUiaWMJMgisQoqI3H4PHXCx7Q9zRaIrdz75H0fKV%2FT62bvPCaVM%2Fye8mnpo9FLiNLBRB5DLAZNxIPhliMJS8L1Hw1EcagUTxPe3Ue498e3f7%2FK9wl0Utlg%3D%3D&checksum=39237407616753c19a6046924866ad620c09264c7991,"https://www.aliexpress.com/item/32829501657.html?spm=a2g0o.productlist.0.0.18f7598bJm3gyQ&algo_pvid=47331ec8-a170-4e41-856d-9a1e06ae27db&algo_expid=47331ec8-a170-4e41-856d-9a1e06ae27db-5&btsid=19aa8f2f-21cf-4b51-8d82-681614651425&ws_ab_test=searchweb0_0,searchweb201602_9,searchweb201603_52"
Rupse Wireless Alarm System Motorcycle Bicycle Bike Anti Theft Security Burglar Double Remote Control Warner Horn Adjustable Sensitivity,X0027CWSG9,Anti Theft Security Burglar Double Remote Control Warner Horn,3.5,18.99,185053,https://www.amazon.com/dp/B07SJTDXQD/ref=cm_sw_r_oth_api_i_pIItDbCGEXGS0,https://www.ebay.com/itm/Motorcycle-Motorbike-Bike-Anti-theft-Security-Alarm-Remote-Control-Sensor-System/333255292056?hash=item4d97903498:g:y2YAAOSwBaxdG-Hf,
"ANCEL BD310 Bluetooth OBDII Scanner with Battery Voltage Check and Exclusive App, Handsfree Magnetic Mount Attaching to Dash While Driving",X0026M38JB,ANCEL BD310 Bluetooth OBDII Scanner with Battery Voltage Check and Exclusive App,3.5,69.95,179476,https://www.amazon.com/dp/B07S4LBCTY/ref=cm_sw_r_oth_api_i_BLItDbD53N6N7,https://www.ebay.com/itm/ANCEL-BD310-Bluetooth-OBDII-Scanner-with-Battery-Voltage-Check-and-Exclusive-App/133131741115?hash=item1eff4527bb:g:GyAAAOSwRq9dQ~Ap,
Dog Training Collar Romote Dog Shock Collar 3 Training Modes,X0025UYMUX,3 Training Modes,3.5,29.99,66774,,https://www.ebay.com/itm/Gasthe-Dog-Training-Collar-Romote-Dog-Shock-Collar-3-Training-Modes-Bee-Shock/333291034269?_trkparms=ispr%3D1&hash=item4d99b1969d:g:05UAAOSwT8FdS3Qo&enc=AQAEAAAB4BPxNw%2BVj6nta7CKEs3N0qWEaR72zwWLpHJnLM0oR%2FTP7TitL1v0ml%2BkzPsdAS%2B8kl5Uy7Swd4xtJ%2FLewIsGb8yKM3WaszEiHCSkKgzSJmV8RrWEYDX4x3Z0S%2F4VfAwx48tomAWFz6vIBmurGzypgA5FI7bM0UkJrKd%2BI7S62ot%2FHiaKYucXhAOlOMf%2BPgNER5psTrF%2BavmzpruPJF919i%2Fy6JEZV31QaS9yiS3lOXAiXpc%2Fti6IbszmWaWfFEt23C%2BZmS%2BrF7IoCnqPy3yu166p3kVlNgwvJgkVW%2FZMq2RQeXBNYkPvYhhFcY0a3mEVy5z7VM%2BM%2BA%2By2xwi7kMkEq5xmuHO%2BDJI2uVO0hBMYMmVmoZ5xrBqQt7qlB6eQTH4YKm40UfUB5nvlHV%2BDUZ0Xu9fCvZDDD1mViSIMlQA76PPvbCvxbT7TnJaA2CLS3jNhnCHzBkj9na2la7VfVTsx7Zk13SPBg%2BkpbSk%2B8nQInokraJk1K9eiEVjGbxnitfCsVmqdO2meNE5FHSrjFwae0FEB2xnBeLy%2FimxBinolv8ivaZvIgyLLy%2BNOuXu2Gf1qnXDx%2Bv51EaVtTYt6NwwcH0jmOXp7Q8FLHtgTGBvb7etE7tvTCyrpc9D6sKQPBsY%2FQ%3D%3D&checksum=3332910342694e186ec537af42e1a8891991902cc60e,
"TaoTronics Automatic Milk Frother Warmer Electric Liquid Heater with Hot Milk Functionality, Stainless Steel Electric Milk Steamer for Latte, Cappuccino, Hot Chocolate",X0024F460P,Stainless Steel Electric Milk Steamer,3.5,33.99,171754,https://www.amazon.com/dp/B07QSYFXNC/ref=cm_sw_r_oth_api_i_iPItDb3Q2CTCF,https://www.ebay.com/itm/Milk-Frother-Miroco-Electric-Milk-Steamer-Stainless-Steel-Automatic-Hot-and/293075446867?epid=18028028638&hash=item443ca86c53:g:0C8AAOSwOJFczau7:sc:USPSPriority!91789!US!-1,
Natural Personal Lubriacnt Water Based Personnal Lube,X001SE1XCR,"Sex Lube for Women,Men Or Couple,14 oz",3.5,14.99,176995,https://www.amazon.com/dp/B07R9RZPCY/ref=cm_sw_r_oth_api_i_AWItDb3SBVEA6?th=1,https://www.ebay.com/itm/Natural-Personal-Lubricant-Water-Based-Sex-Lube-for-Women-Men-Couple-14-oz/254299479704?hash=item3b356e1e98:g:W8EAAOSwC61dLe8C,
,,,,,,,,
B-Land 5.7'' Ring Light with Ripod Stand for Youtube Video and Makeup,X001S9I0TB,Ring Light with Tripod Stand for YouTube Video and Makeup,3.5,25.99,35190,https://www.amazon.com/B-Land-Ring-Light-Tripod-Stand/dp/B07D3SJP8J,https://www.ebay.com/itm/B-Land-5-7-Ring-Light-with-Tripod-Stand-for-YouTube-Video-and-Makeup-Mini-L/283530141052?epid=6023063786&_trkparms=ispr%3D1&hash=item4203b69d7c:g:sGoAAOSw~ZpdFVtr&enc=AQAEAAACEBPxNw%2BVj6nta7CKEs3N0qVqDcO0sRSDpiWuuQqyufa4A1I1%2F0NZ8zVgAd%2FEY1zeBS5imGYZk5SHWlJQWPg8sMyBkQqlSKVqYHA7gkBcjLdt4DD8npJRbT00FZrogqRFbO2mp%2Btcr2Jb1J63IU%2F1YzoQalHPm5jTJj66dkEdD4sTwbpn%2F0103EDbU%2F2WBseOa0LIOC3RACSU05czOGHWfGe0wkrUbhlBZa%2FqmM9GtM%2FrNtLDlRAYbcUIEhpard%2BjvdOMKA76TVVdZ6fD5tWAEu8HKDF4dyZe68DDrrY85RgbALU1rSYMG9otOLBy7laSuFafXzysfJm5KkpY9DTiw6%2BfdO%2BqhIshuMOoxMZ89Q8mlyvo4IhpIFQkyT9fXz%2F2e2Hilbc6O%2B%2BFbzt15vJuvrpOBBDHdwD1ge%2Bait4vWSqX05C8RMeXx%2BJ08IOvKCKayw6rWc5ygbTyYzYbX8lQRy6KDq4Twr6VyGP9vKyQdZEpehpmlTsr3h6HQ1NDBymE42gF0v1GBUVkvmUp3HIPtuBpFQvYu718OydctIzd3aghgHu8hUVKDLTfnsiKVcwVBo%2FjBVnkDAq%2BoWUdxS3h5Obs6G06rXn9Vp1EoH1N9vWArKe4oMUKqLTmRbumRJrfTbugG%2BLJjDmerFrLQYiuAGCb80MVAd02TxVtIr325szXAjSB1eoIlc%2BhBCJglBfXWg%3D%3D&checksum=2835301410528ff8d847da7b4162b588c83cd9f1c9e0,"https://www.aliexpress.com/item/32951879544.html?spm=a2g0o.productlist.0.0.32ee16caRPDMeV&algo_pvid=9558695c-84dc-421e-9234-1139eefe74af&algo_expid=9558695c-84dc-421e-9234-1139eefe74af-3&btsid=35621bab-6f36-4c0f-a24f-3bd6253b71c4&ws_ab_test=searchweb0_0,searchweb201602_2,searchweb201603_52"
Toyuugo Vacuum Sealing machine,X002898D97,"with Dry & Moist Food Modes, One Roll Starter Kit",3.5,54.99,20667,https://www.amazon.com/Upgraded-Machine-Toyuugo-Automatic-Sealing-Preservation/dp/B07TPSG2CN/ref=asc_df_B07TPSG2CN/?tag=hyprod-20&linkCode=df0&hvadid=366315314860&hvpos=1o3&hvnetw=g&hvrand=2291278432176878312&hvpone=&hvptwo=&hvqmt=&hvdev=c&hvdvcmdl=&hvlocint=&hvlocphy=9031251&hvtargid=pla-793316965097&psc=1&tag=&ref=&adgrpid=73045851781&hvpone=&hvptwo=&hvadid=366315314860&hvpos=1o3&hvnetw=g&hvrand=2291278432176878312&hvqmt=&hvdev=c&hvdvcmdl=&hvlocint=&hvlocphy=9031251&hvtargid=pla-793316965097,https://www.ebay.com/itm/Upgraded-Food-Saver-Vacuum-Sealer-Machine-Toyuugo-Automatic-Vacuum-Sealing-with/323873282895?hash=item4b685a1b4f:g:sggAAOSwPUVdQgWQ,
400W Mini Fog Machine,,,,,,https://www.amazon.com/Halloween-Fog-Machine-Professional-Generation/dp/B07PFKZGYR/ref=sr_1_1?crid=2SYLDUR3J42NV&keywords=mini+fog+machine&qid=1565402669&s=wireless&sprefix=MINI+FOG+MA%2Cmobile%2C177&sr=1-1-catcorr,,
Grownsy Milk Warmer,X00237GXC3,2019 Fast Baby Bottle Warmer 6-in-1 BPA-Free Bottle Sterilizer Baby Food Heater Defrosting Setting Smart Thermostat Warmer with Auto Power-Off and Precise Temperature Control for Breastmilk or Formula,3.5,44.99,20404,https://www.amazon.com/dp/B07GRGXXK8/ref=cm_sw_r_oth_api_i_lXItDbGH6WFRD,,
Supsoo Gaming HeadSet,X0025TEL37,"Gaming Headsets, G838 Gaming Headset Over Ear Headphones with Mic in-line Control Deep Bass for PS4 (Black Green)",3.5,16.99,80183,https://www.amazon.com/Gaming-Headsets-Headset-Headphones-Control/dp/B07VSYQC5T/ref=sr_1_5?keywords=supsoo+gaming+headset+G838&qid=1565404396&s=gateway&sr=8-5,,
Mono Stereo Hands-Free Headset,X002364AUB,"Trucker Bluetooth Headset,Willful Wireless Headset with Microphone,Charging Station,Noise Cancelling Clear Sound,Mute Button,Phone Headset for Car Truck Driver Call Center Office",3.5,38.89,80077,https://www.amazon.com/Bluetooth-Willful-Wireless-Microphone-Cancelling/dp/B07H2XZB6V/ref=sr_1_8?keywords=Mono+Stereo+Hands-Free+Headset&qid=1565404838&s=gateway&sr=8-8,,
Yamay M98 Wireless HeadSet with MicroPhone,X001YXXZ7D,"Trucker Bluetooth Headset,Willful Wireless Headset with Microphone,Charging Station,Noise Cancelling Clear Sound,Mute Button,Phone Headset for Car Truck Driver Call Center Office",3.5,38.89,80077,https://www.amazon.com/Bluetooth-Willful-Wireless-Microphone-Cancelling/dp/B07H2XZB6V/ref=sr_1_8?keywords=Mono+Stereo+Hands-Free+Headset&qid=1565404838&s=gateway&sr=8-8,,
Cordless portable Rechargeable Vacuum Cleaner ,B07V8M3X53,"Upgrade-Battery Operated Air Duster, Rechargeable, Cordless, Portable, Replaces Compressed Air Cans, 2 in 1 Cleaning Duster/Air Duster-Cum-Vacuum Cleaner",3.5,49.99,299,https://www.amazon.com/Upgrade-Battery-Rechargeable-Compressed-Duster-Cum-Vacuum-Electronics/dp/B07V8M3X53/ref=sr_1_1?keywords=B07V8M3X53&qid=1565402913&s=wireless&sr=8-1,https://www.ebay.com/itm/Cordless-Portable-Handheld-Vacuum-Cleaner-35W-4Car-Home-Office-Pet-Rechargeable/333208487030?hash=item4d94c60476:g:nN0AAOSwU9hc5uvb,"https://www.aliexpress.com/item/33041059617.html?spm=a2g0o.productlist.0.0.6d736d37W7zZvC&algo_pvid=a3b4cd87-e592-48f2-88d7-90c993805302&algo_expid=a3b4cd87-e592-48f2-88d7-90c993805302-31&btsid=7a817c7b-1d7d-41bd-8b68-780b255bf251&ws_ab_test=searchweb0_0,searchweb201602_2,searchweb201603_52"
Perfect Curl Hair curler stylist tools,4.53E+12,Perfect Curl Hair Curler Stylist Tools * LCD Display Stylist Tools Automatic,3.5,29.99,177659,,https://www.ebay.com/itm/Perfect-Curl-Hair-Curler-Stylist-Tools/173633047955?hash=item286d560d93:g:UmwAAOSwuvtb5eGi,
One Step Hair Dryerand Styler,B07PNTP4ZF,"Hair Dryer Brush, 2-in-1 One-Step Hair Dryer & Volumizer Multi-functional Negative Ion Hair Straightener Curler Brush Reduce Frizz and Static for All Hair styl",3.5,29.89,11858,https://www.amazon.com/One-Step-Volumizer-Multi-functional-Negative-Straightener/dp/B07PNTP4ZF/ref=sr_1_1?keywords=DINOKA&qid=1565403267&s=wireless&sr=8-1,https://www.ebay.com/itm/Hair-Dryer-Brush-2-In-1-One-Step-Hair-Dryer-Volumizer-Multi-Functional-Negati/202739759182?hash=item2f343b384e:g:DGQAAOSwWkxdNcs5,
Multo function car vacuum clearner,X0024VH7Y1,,,, ,,,
Curling iron ,X00294U8RB,,,,,,,
Ravpower Prime 21 W 2-Port Solar Charger,X0025MMSVB,Foldable Travel 21W Solar Panel Charger w/ Dual USB Port Waterproof,3.5,48.99,123417,https://www.amazon.com/RAVPower-Charger-Waterproof-Foldable-Compatible/dp/B07RMDKK5B/ref=sr_1_4?crid=IPMJENLXP67Z&keywords=ravpower+solar+charger&qid=1565403086&s=wireless&sprefix=ravpower+so%2Cmobile%2C182&sr=1-4,https://www.ebay.com/itm/RAVPower-Foldable-Travel-21W-Solar-Panel-Charger-w-Dual-USB-Port-Waterproof/383066497015?epid=15021692760&hash=item59308adff7:g:wLgAAOSw0LVdIRdS,
Headlight High Beam Light Bulbs New,B07GNB5YR8,"H11/H8/H9 LED Headlight Bulbs, SJLED Automotive Car Headlight Bulbs Conversion Kit, DOT Approved 12x CSP Chips Headlamp 8000LM/Set 6000K Xenon White Low/High Beam Light Bulbs",3.5,19.99,33713,https://www.amazon.com/Revlon-Advanced-Copper-Ceramic-Curling/dp/B07GNB5YR8/ref=sr_1_1_sspa?keywords=CURLING%2BIRON%2BA%2B16&qid=1565489344&s=gateway&sr=8-1-spons&spLa=ZW5jcnlwdGVkUXVhbGlmaWVyPUEzVktNRkZZMlhNSkZYJmVuY3J5cHRlZElkPUEwNzU1MzQyM08xSjUzVThRUENaUSZlbmNyeXB0ZWRBZElkPUEwNzAyOTkxMjVDMTBEMkxQMjNGMSZ3aWRnZXROYW1lPXNwX2F0ZiZhY3Rpb249Y2xpY2tSZWRpcmVjdCZkb05vdExvZ0NsaWNrPXRydWU&th=1,,
"Lembo Direct Electric Shace Underarms, Wet & Dry",B07RZZPXKV,"LEMBO DIRECT Electric Shaver for Women, Electric Razor, 4 In 1 Rechargeable Cordless Waterproof Lady Epilator & Personal Groomer Trimmer Body Hair Removal for Bikini, Legs, Face, Underarms, Wet & Dry",3.5,15.99,106317,https://www.amazon.com/LEMBO-DIRECT-Rechargeable-Waterproof-Underarms/dp/B07RZZPXKV/ref=sr_1_3?keywords=lembo+direct+electric+shave+underarms%2C+wet+%26+dry&qid=1565487234&s=gateway&sr=8-3,,
Intelligent 2-in-1 Dog Training & Outdoor wirelessb Fence System,X0026IHWVZ,"WIEZ Dog Fence Wireless & Training Collar Outdoor 2-in-1, Electric Wireless Fence for Dogs w/Remote, Adjustable Range Control, Waterproof Reflective Stripe Collar, Harmless for All Dogs",3.5,98.63,116388,https://www.amazon.com/dp/B07RXBGMHX/ref=cm_sw_r_oth_api_i_Q2ItDb2B49381,,
Dream Rotating Projection Lamp,B0778JZ9H5,"Night Lights for Kids, Multiple Colors Rotating Star Projector with Timing Shutdown Function, Night Light for Baby Boys and Girls",3.5,19.99,20702,https://www.amazon.com/dp/B0778JZ9H5/ref=cm_sw_r_oth_api_i_P4ItDb2C2PXCC,,
Solar Garden Ground Lights 8 LED White Light 4 packes,X001WC2VXZ,Solar Garden Ground Lights Outdoor Diamond Stake Lights Landscape Lighting Stainless Steel Pathway Lights for Walkway Patio Yard Lawn Driveway Flowerbed Courtyard Decoration 8 LED White Light 4 Packs,3.5,19.99,94940,https://www.amazon.com/Landscape-Stainless-Flowerbed-Courtyard-Decoration/dp/B07HGXDXLM,,
Full Tough Smart Watch,B07SGWTMMH,"Fitness Tracker Watch with Heart Rate Monitor, Waterproof Band, Step Calorie Counter,  Kids Women and Men",3.5,39.99,44075,https://www.amazon.com/QiyuanLS-Fitness-Activity-Waterproof-Pedometer/dp/B07SGWTMMH/ref=sr_1_3?crid=35O6KFUF121RK&keywords=qiyuanls+fitness+tracker+smart+watch&qid=1565403725&s=gateway&sprefix=qiyuanLS%2Caps%2C283&sr=8-3,https://www.ebay.com/itm/Qiyuanls-Fitness-Tracker-Activity-Watch-W-Heart-Rate-Monitor-Waterproof-Smart-Ba/264416152317?hash=item3d906e4afd:g:urkAAOSw6XBdQoB2,
"9005/HB3 LED Headlight Bulbs, SJLED Automotive Car Headlight Bulbs Conversion Kit, DOT Approved 12x CSP Chips Headlamp 80W 8000LM/Set 6000K Xenon White Low/High Beam Light Bulbs",B07GNCFCWM,"9005/HB3 LED Headlight Bulbs, SJLED Automotive Car Headlight Bulbs Conversion Kit, DOT Approved 12x CSP Chips Headlamp 80W 8000LM/Set 6000K Xenon White Low/High Beam Light Bulbs",3.5,19.99,33710,https://www.amazon.com/dp/B07GNCFCWM/ref=cm_sw_r_oth_api_i_hTItDb1ARN1B8,,
"TIANFUYAO H13/9008 LED Headlight Bulbs,100W 12000LM 6000K Xenon White,Fog Light",X00214THDP,"TIANFUYAO H13/9008 LED Headlight Bulbs,100W 12000LM 6000K Xenon White,Fog Light",3.5,30.99,33713,,https://www.ebay.com/itm/TIANFUYAO-H13-9008-LED-Headlight-Bulbs-100W-12000LM-6000K-Xenon-White-Fog-Light/392304900250?epid=13032147609&_trkparms=ispr%3D1&hash=item5b5731b89a:g:HDcAAOSwzShc7q4q&enc=AQAEAAAB8BPxNw%2BVj6nta7CKEs3N0qV8gPlKCz4IVyTJNsbx6zT4UgZwKH%2BOdgK2u61OUHklQNnmofxsEwZo26wU7Iy1kpAqNAHXC8zIbDdkDPmCiAmo1lGOQQgHURdT3Y8Swd0AdxJZRXc36eSDqHLAiIfHR1mTGp4W5aKqghQwK8RQ4RXzLAg3YLVsafFrVq2gVwY2IOzUdtdPeWoaya0rL8qD%2FiT%2BMMGS9RhnBUhsbHe8g3rnhWzPMtcYkxpXl08Oagq64ycXJD6m1rDqIFHSY13Ei8Dh4OPrl9G%2BPXZwTCN2p%2BhhSx%2FiriJqr0pRr41oXkk7K1KcOiD8d9gKDCAdkXYJbumvqMtgR%2B49OPjThYi6G6z5sq9xlPftkFbJRHyyyjEpGXPFCUxegukM27iPBgNDIcJM8rhbeNaJk07afpHJtW3EjaCav5iQSx4BIpVQvOop0C5BUBN9aJLSVPI9jeKMdnx199nkmvNlUUVJZLMXT4ESLb7fNImocAsU%2FgxBugkk%2F8Kr%2BaxK%2F41IxPa39cZbRhekaJG%2BcIWX8p0jPWkyu5E9B4mvmHV2JFqBKChkozJ2vGS51UWEvFjB%2FttEIG5JO0lTb9557xuEi31uyGRBgFBgEKWPkY8cqGI18CYF3qa0rqpENp3T54Wez%2Fd9z1QLQKA%3D&checksum=3923049002502812e3ef3c3d4d15be6a201ab36adae2,
???,,,,,,,,
ULTIMATE HAIR REMOVER,X0026UXL7R,"[2019 NEW] Electric Shaver for Women, SaikerMan Cordless Electric Razor Legs Body Face Bikini Area Hair Trimmer Remover Removal for Ladies Womens -...",3.5,29.99,106317,https://www.amazon.com/Flawless-Removal-SaikerMan-Cordless-Electric/dp/B07GC794SL/ref=sr_1_4?keywords=ULTIMATE+HAIR+REMOVER&qid=1565473966&s=gateway&sr=8-4,,
gravity electric salt pepper mill,B07VK2BD2H,"Electric Pepper Grinder or Salt Mill Spice Tall Power Shaker, Gravity Control Battery Powered With Blue LED Light, Adjustable Ceramic Coarseness (silver)",3.5,17.99,177008,https://www.amazon.com/ISMARTEN-Adjustable-Coarseness-Automatic-Operation/dp/B07VK2BD2H/ref=sr_1_5?crid=1ZTU30K0O5HBO&keywords=electric+pepper+grinder+or+salt+grinder+mill&qid=1565468018&s=gateway&sprefix=electric+pepper+grinder+or+%2Caps%2C172&sr=8-5,https://www.ebay.com/itm/Electric-Pepper-Grinder-And-Salt-Mill-Spice-Tall-Power-Shaker-Gravity-Control/113817102915?hash=item1a80072a43:g:4dgAAOSwHGxdKoB0,"https://www.aliexpress.com/item/32958639547.html?spm=a2g0o.productlist.0.0.42b65b90DbBNAU&algo_pvid=5104640b-1e5b-4e5c-8710-7f7c91be15a0&algo_expid=5104640b-1e5b-4e5c-8710-7f7c91be15a0-12&btsid=04ae3574-b089-45d8-a4ba-09a0e79eb2b9&ws_ab_test=searchweb0_0,searchweb201602_4,searchweb201603_53"
Electric Nail Drill,X001S9EUV3,"30000RPM Nail Drill, Electric Professional Nail Drill Machine Nail Files for Acrylic Gel Nails, Manicure Pedicure, Nail Art Supplies Polisher Kit with Foot Pedal and...",3.5,47.99,178960,https://www.amazon.com/30000RPM-Electric-Professional-Manicure-Pedicure/dp/B07D4CSCQV/ref=sr_1_20_sspa?crid=6SIY8ETCG20G&keywords=3000+nail+drill+kit&qid=1565470641&s=gateway&sprefix=3000+Nail+Drill%2Caps%2C180&sr=8-20-spons&psc=1&spLa=ZW5jcnlwdGVkUXVhbGlmaWVyPUFJV1ZDRlMzR1FPSkMmZW5jcnlwdGVkSWQ9QTA2MzI2MDkzTUpWNUVHMkRBR01JJmVuY3J5cHRlZEFkSWQ9QTA3NzYyODAyMVBKWkQ2WkoyQ1AyJndpZGdldE5hbWU9c3BfbXRmJmFjdGlvbj1jbGlja1JlZGlyZWN0JmRvTm90TG9nQ2xpY2s9dHJ1ZQ==,,
Vertical Mouse,X0027Y51UR,"Ergonomic Mouse, Large Vertical Wireless Mouse - Acedada Rechargeable 2.4GHz Optical Ergonomic Mice : 3 Adjustable 800/1200/1600 DPI 6 Buttons, for Laptop, PC, Computer, ",3.5,26.29,23160,https://www.amazon.com/Ergonomic-Mouse-Large-Vertical-Wireless/dp/B07TCCZDWV/ref=sr_1_3?crid=3N53SFCA2KJC4&keywords=acedada+ergonomic+mouse&qid=1565471589&s=gateway&sprefix=acadada%2Caps%2C188&sr=8-3,,
FAST WIRELESS CHARGER,X001Y9DLZN,"Novastone Fast Wireless Charger, 10W Fast Qi Certified Charging Pad Compatible with XS Max/XS/XR/X, iPhone 8/8 Plus, Samsung Galaxy S9/S9 Plus/S8/S8 Plus, S7/S7 Edge, Note 8 (Black,1-Pack) ",3.5,9.99,123417,https://www.amazon.com/Novastone-Wireless-Certified-Charging-Compatible/dp/B07NQFNSVG/ref=sr_1_2?keywords=novastone&qid=1565472505&s=gateway&sr=8-2,,
ROZIAPRO HJ9220,X0028EPJWV,Beard Trimmer Hair Clippers Hybrid Grooming kit Mustache trimmer Portable Home Hair Trimmer Kit for Men Professional Hair Cut Cordless Electric Hair ,3.5,16.99,11844,https://www.amazon.com/s?k=roziapro+HJ9220&ref=nb_sb_noss,,
Squish wireless charge phone holder for car,X001TVC98X,Squish Wireless Charger Car Mount Adjustable Gravity Air Vent Phone Holder for iPhone Samsung Nexus Moto OnePlus HTC Sony Nokia and Android Smartphones Qi Certified ,3.5,29.99,123417,https://www.amazon.com/Squish-Wireless-Adjustable-Smartphones-Certified/dp/B079L4TRW1/ref=sr_1_3?crid=2K783BCQSYE10&keywords=squish+wireless+car+charger&qid=1565475467&s=gateway&sprefix=Spuish+wireless+%2Caps%2C183&sr=8-3,,
Beboncool Gamepad wireless controller for nintendo switch,X0023u145,"BEBONCOOL Wireless Controller for Nintendo Switch, Switch Controller Remote with Dual Shock, Gyro Axis, Switch pro Controller Gamepad Compatible with Bluetooth ",3.5,27.66,117042,https://www.amazon.com/BEBONCOOL-Wireless-Controller-Compatible-Bluetooth/dp/B07ST1ZCL1/ref=sr_1_1_sspa?keywords=Beboncool+Gamepad+wireless+controller+for+nintendo+switch&qid=1565476577&s=gateway&sr=8-1-spons&psc=1&spLa=ZW5jcnlwdGVkUXVhbGlmaWVyPUEyV0xDTzVRUFNIMVVPJmVuY3J5cHRlZElkPUExMDQxNzQzMTZWNjlCVlAxUTdERyZlbmNyeXB0ZWRBZElkPUEwMTUxMDkyMTZUWEtCTUc4MTY0TCZ3aWRnZXROYW1lPXNwX2F0ZiZhY3Rpb249Y2xpY2tSZWRpcmVjdCZkb05vdExvZ0NsaWNrPXRydWU=,,
Noah-s led grow light,X0028HQXHN,1000W LED Grow Light Full Spectrum for Indoor Plants Veg and Flower LED Grow Lamp Triple-Chips LED (100pcs 10w led) ,3.5,89.99,178989,https://www.amazon.com/Spectrum-Indoor-Plants-Flower-Triple-Chips/dp/B07TTGX42T/ref=sr_1_11?keywords=NOAH+LIGHT&qid=1565477931&s=gateway&sr=8-11,,
DEHUMIDIFIER,X001QX934Z,"Afloia Electric Dehumidifier for Home Bathroom 2000ML(68 oz),Portable Dehumidifiers for Home 2201 Cubic Feet ",3.5,70.99,79621,https://www.amazon.com/Afloia-Electric-Dehumidifier-Bathroom-Dehumidifiers/dp/B07FCGQ71M/ref=sr_1_5?crid=1THHWGRNNLSTA&keywords=afloia+dehumidifier&qid=1565478890&s=gateway&sprefix=afoia+%2Caps%2C235&sr=8-5,,
Heart Rate Monitoring Fitnes Tracker,X00289H2JJ,"Mgaolo Fitness Tracker,Activity Health Tracker Waterproof Smart Watch Wristband with Blood Pressure Heart Rate Sleep Monitor Pedometer Step Calorie Counter for Android and iPhone",3.5,35.99,178893,https://www.amazon.com/Mgaolo-Activity-Waterproof-Wristband-Pedometer/dp/B07TG2BP8X/ref=sr_1_16?crid=11G65NM2DUJBG&keywords=heart+rate+monitor+fitness+tracker&qid=1565479431&s=gateway&sprefix=heart+rate+monitor+fit%2Caps%2C190&sr=8-16,,
Flyco Electric Hair Cipper,FC5808US,Professional Flyco Electric Rechargeable Hair Clipper Trimmer for Men Beard Silver Hair Cutting Machine 2pcs Nozzles FC5808,3.5,38,1277,https://www.amazon.com/Professional-Flyco-Electric-Rechargeable-Clipper/dp/B07KZWQ8HS/ref=sr_1_6?crid=1BO5EWZJZZA58&keywords=flyco+fc5808&qid=1565480312&s=gateway&sprefix=Flyco+FC%2Caps%2C176&sr=8-6,,
ZIKU Wireless Charger.6 in 1 Aluminum Alloy 80W 14A 5-Port USB Wireless Charging Stand Station Dock for Airpods 1/2 Apple Watch 4/3/2/1 iPhone X/XS/XR/Xs Max/8/8 Plus-Built-in Adapter,X002617FEV,6 in 1 Aluminum Alloy 80W 14A 5-Port USB Wireless Charging Stand Station Dock for Airpods 1/2 Apple Watch 4/3/2/1 iPhone X/XS/XR/Xs Max/8/8 Plus-Built-in Adapter(Gray),3.5,59.99,123417,https://www.amazon.com/ZIKU-Wireless-Charger-6-Aluminum-Plus-Built/dp/B07RNL5D9S/ref=sr_1_3?keywords=ZIKU+Wireless+Charger&qid=1565480407&s=wireless&sr=1-3,,
Welkey ultraviolet series-UVA Square Black Light ,B07JZZFQMW,"80W UV LED Black Light IP66 Waterproof, TOPLANET 2 Pack UV Flood Light for Blacklight Parties, Ultra-Violet LED Black Lamp for Fluorescent Body Paint, DJ Disco, Neon Glow, Halloween Stage",3.5,98.99,177023,https://www.amazon.com/Waterproof-Black-Light-Ultra-Violet-Fluorescent-Halloween/dp/B07JZZFQMW/ref=sr_1_7?keywords=Welkey&qid=1565482679&s=apparel&sr=8-7&th=1,https://www.ebay.com/itm/80W-UV-LED-Black-Light-Bulbs-IP66-Waterproof-Toplanet-2-Pack-Flood-Black-Light/254092726786?hash=item3b291b5202:g:D30AAOSw2~NcSUGu,
"Grow Light, Ankace 2019 Upgraded Version 60W Tri Head Timing 60 LED 5 Dimmable Levels Plant Grow Lights",6.81E+11,"Grow Light, Ankace 2019 Upgraded Version 60W Tri Head Timing 60 LED 5 Dimmable Levels Plant Grow Lights for Indoor Plants with Red Blue Spectrum, Adjustable Gooseneck, 3 6 12H Timer, 3 Switch Modes",3.5,19.99,178989,https://www.amazon.com/Upgraded-Dimmable-Spectrum-Adjustable-Gooseneck/dp/B07PXP7DW5/ref=asc_df_B07PXP7DW5/?tag=hyprod-20&linkCode=df0&hvadid=344041227836&hvpos=1o1&hvnetw=g&hvrand=426532486473991361&hvpone=&hvptwo=&hvqmt=&hvdev=c&hvdvcmdl=&hvlocint=&hvlocphy=9031251&hvtargid=pla-694345882963&psc=1&tag=&ref=&adgrpid=67585364605&hvpone=&hvptwo=&hvadid=344041227836&hvpos=1o1&hvnetw=g&hvrand=426532486473991361&hvqmt=&hvdev=c&hvdvcmdl=&hvlocint=&hvlocphy=9031251&hvtargid=pla-694345882963,https://www.ebay.com/itm/Grow-Light-Ankace-60W-Head-Timing-36-LED-5-Dimmable-Levels-Plant-Grow-Lights/392312960903?var=661301630708&hash=item5b57acb787:m:mdWMm8UIH9UCuB61yz9c8Ag,
333 Games,X00280K18X,"CHAONATECH Handheld Game Console, Portable Video Game 3 Inch HD Screen 333 Classic Games,Retro Game Console Can Play on TV, Good Gifts for Kids to Adult (Black) ",3.5,22.99,139971,https://www.amazon.com/CHAONATECH-Handheld-Console-Portable-Classic/dp/B07V7XNH91/ref=sr_1_1?keywords=333+GAMES&qid=1565551233&s=gateway&sr=8-1,,
Wifi Smart Camera,ICSEE,"PTZ WiFi IP Camera 1080P HD H.265/H.264 Wireless Waterproof CCTV Security Dome Camera with 4mm F1.2 CS Lens 355?? Pan/ 90?? Tilt, IR-Cut Night Vision, Motion Detection, Two Way Audio",3.5,63.99,48638,https://www.amazon.com/dp/B07Q56CL88/ref=sspa_dk_detail_7?psc=1&pd_rd_i=B07Q56CL88&pd_rd_w=8oCtK&pf_rd_p=8a8f3917-7900-4ce8-ad90-adf0d53c0985&pd_rd_wg=BP7yv&pf_rd_r=GT94Z78RZVM1P5SRM8D0&pd_rd_r=54bacba1-1117-4794-ab1f-b655dcadf2f7&spLa=ZW5jcnlwdGVkUXVhbGlmaWVyPUE0ODk2RDlWNDk2TVMmZW5jcnlwdGVkSWQ9QTA0ODM4MTYzSVFQVFhGUVVNMjNFJmVuY3J5cHRlZEFkSWQ9QTAzOTk5MzUzTEU0WlhVQzUzNVczJndpZGdldE5hbWU9c3BfZGV0YWlsJmFjdGlvbj1jbGlja1JlZGlyZWN0JmRvTm90TG9nQ2xpY2s9dHJ1ZQ==,https://www.ebay.com/itm/HD-1080P-Wifi-PTZ-IP-Camera-Outdoor-Onvif-2MP-Wireless-Security-Speed-Dome/113842375736?hash=item1a8188cc38:m:mjOWQUs_vo4Yi9kRm_8iUZQ,https://www.wish.com/product/5d1209ad48c6c67e1a62b7b1?hide_login_modal=true&from_ad=goog_shopping&_display_country_code=US&_force_currency_code=USD&pid=googleadwords_int&c=%7BcampaignId%7D&ad_cid=5d1209ad48c6c67e1a62b7b1&ad_cc=US&ad_curr=USD&ad_price=24.00&is_maxboost=true&campaign_id=1603554661&campaign_id=1603554661&gclid=EAIaIQobChMItMDOv8X74wIVFdRkCh2QcQZ3EAQYAyABEgK71PD_BwE
Honk mini portable vacuum cleaner,X0026VZAT3,HONK Portable USB Mini Size Vacuum Desktop Dust Cleaner Handheld Vacuum,3.5,24.9,7030335731,https://www.amazon.com/HONK-HONK-Portable-USB-Mini-Size-Vacuum-Desktop-Dust-Cleaner-Handheld-Vacuum/dp/B07V8S4JJS/ref=sr_1_5?keywords=mini+portable+vacuum+cleaner+honk&qid=1565551815&s=gateway&sr=8-5,,
BOTTLE WARMER,B07G58244T,"Bottle Warmer for Breastmilk 6-in-1 BPA Fast Baby Bottle Warmer and Sterilizer with Timer Formula Warmer,Baby Food,Defrost,Yogurt Maker,Reservation Function Real-time LCD Display and Precise Temperature Control New 2019",3.5,38.99,20404,https://www.amazon.com/dp/B07G58244T/ref=sspa_dk_detail_7?psc=1&pd_rd_i=B07Q56CL88&pd_rd_w=8oCtK&pf_rd_p=8a8f3917-7900-4ce8-ad90-adf0d53c0985&pd_rd_wg=BP7yv&pf_rd_r=GT94Z78RZVM1P5SRM8D0&pd_rd_r=54bacba1-1117-4794-ab1f-b655dcadf2f7&spLa=ZW5jcnlwdGVkUXVhbGlmaWVyPUE0ODk2RDlWNDk2TVMmZW5jcnlwdGVkSWQ9QTA0ODM4MTYzSVFQVFhGUVVNMjNFJmVuY3J5cHRlZEFkSWQ9QTAzOTk5MzUzTEU0WlhVQzUzNVczJndpZGdldE5hbWU9c3BfZGV0YWlsJmFjdGlvbj1jbGlja1JlZGlyZWN0JmRvTm90TG9nQ2xpY2s9dHJ1ZQ==,https://www.ebay.com/itm/Bottle-Warmer-for-Breastmilk-6-in-1-BPA-Fast-Baby-and/383063523922?hash=item59305d8252:g:Vw4AAOSw1NNdNdju,
Slomore smart led strip light,X0022OR7KD,LED Strip Lights???SOLMORE WiFi LED Light Strip 10M 32.8Ft RGB 5050 LED Tape Lights RGB Rope Lights Waterproof Color Changing LED Strip Lights with Remote for TV Bedroom Party Home Lighting Kitchen Bar ,3.5,38.99,116022,https://www.amazon.com/Lights%EF%BC%8CSOLMORE-Waterproof-Changing-Bedroom-Lighting/dp/B07NQ2LC76/ref=sr_1_3?keywords=solmore+smart+led+strip+light&qid=1565552422&s=gateway&sr=8-3,,
LED WALL PACK PHOTOCELL SENSOR,X0026FJ7JN,"JJC LED Wall Pack Light with Photocell,28W(150-250W Replacement),2800LM 5000K-Daylight Dusk to Dawn LED Outdoor Lighting,100-277V ETL Listed&DLC Certified 5-Year Warranty Outdoor Security Lights",3.5,21.99,42884,https://www.amazon.com/JJC-Photocell-Replacement-5000K-Daylight-Certified/dp/B07RY7K3XG/ref=sr_1_3?keywords=JJC+LED+WALL+PACK+28W+5000K&qid=1565553530&s=gateway&sr=8-3,https://www.ebay.com/itm/JJC-LED-Wall-Pack-Light-with-Photocell-28W150-250W-Replacement-2800LM-Dusk-to/273953227241?hash=item3fc8e281e9:g:9LIAAOSwwAldRAdJ,
Hillmax led camping lantern,X001EU18QB,"Hillmax 4 Pack Portable LED Camping Lantern with 3 Modes Light Lightweight Outdoor Flashlights Operated by Dual Batteries for Camping, Hiking, Fishing and Emergency, Hurricane, Power Outage Night ",3.5,21.99,168867,https://www.amazon.com/Hillmax-Lightweight-Flashlights-Batteries-Emergency/dp/B0722JXXMK/ref=sr_1_fkmr1_2?keywords=hillmax+HBD-09&qid=1565552775&s=gateway&sr=8-2-fkmr1,,
#REF!,X0020YK78P,"Afloia Electric Home Dehumidifier, Portable Dehumidifier for Home Bedroom 700ml",3.5,39.99,79621,https://www.amazon.com/Afloia-Electric-Dehumidifier-Deshumidificador-Dehumidifiers/dp/B07N1CGCHN/ref=sr_1_8?crid=1XI222YA40J16&keywords=afloia+dehumidifier&qid=1565554119&s=gateway&sprefix=afloia%2Caps%2C177&sr=8-8,https://www.ebay.com/itm/Afloia-Electric-Home-Dehumidifier-Portable-Dehumidifier-for-Home-Bedroom-700ml/333277277361?hash=item4d98dfacb1:g:vZIAAOSwlQhdOpp1,
Kids smart watch waterproof (pink),X0027YRBIR,LTAIN Kids Smart Watch Waterproof Phone Smartwatch for Children Anti-Lost GPS Tracker Phone Watch with 1.44 inch Touch Screen SOS Canera Timer Game Birthday Gift for Boys and Girls???Pink??? ,3.5,59.99,178893,https://www.amazon.com/LTAIN-Waterproof-Smartwatch-Anti-Lost-Girls%EF%BC%88Pink%EF%BC%89/dp/B07VM6QPSP/ref=sr_1_30?keywords=kids+smart+watch+waterproof&qid=1565553265&s=gateway&sr=8-30,,
RECORD PLAYER,X0026WYQCT,"Vinyl Record Player, ammoon 3 Speed Turntable Blue Tooth Record Player with 2 Built in Stereo Speakers, Replacement Needle, Supports RCA Line Out, AUX in, Headphone Jack, Vintage Suitcase",3.5,69.98,48647,https://www.amazon.com/ammoon-Turntable-Speakers-Replacement-Headphone/dp/B07S38Z3TW/ref=sr_1_2_sspa?crid=L3T650UN0X83&keywords=ammoon+record+player&qid=1565554577&s=gateway&sprefix=AMMOON+RE%2Caps%2C173&sr=8-2-spons&psc=1&spLa=ZW5jcnlwdGVkUXVhbGlmaWVyPUEyMDVERVdRWkcxUEdYJmVuY3J5cHRlZElkPUEwNTc0MzM4MktORDhXRVZNREZKViZlbmNyeXB0ZWRBZElkPUEwODI0Mjk3MlEwMkpIVEpXRVJOSSZ3aWRnZXROYW1lPXNwX2F0ZiZhY3Rpb249Y2xpY2tSZWRpcmVjdCZkb05vdExvZ0NsaWNrPXRydWU=,https://www.ebay.com/itm/Turntables-Vinyl-Record-Player-3-Speed-Blue-Tooth-With-2-Built-Stereo-Speakers/123864974670?hash=item1cd6ed854e:g:KpoAAOSw4kZdSGCd,
Kids smart watch waterproof (Blue),X00296L09T,LTAIN Kids Smart Watch Waterproof Phone Smartwatch for Children Anti-Lost GPS Tracker Phone Watch with 1.44 inch Touch Screen SOS Canera Timer Game Birthday Gift for Boys and Girls???Blue??? ,3.5,59.99,178893,https://www.amazon.com/LTAIN-Waterproof-Smartwatch-Anti-Lost-Girls%EF%BC%88Pink%EF%BC%89/dp/B07VM6QPSP/ref=sr_1_30?keywords=kids+smart+watch+waterproof&qid=1565553265&s=gateway&sr=8-30,,
#REF!,X0026UH83P,,3.5,,,,,
Hair straightener ASL-908,X0028NWL7X,Verfou Hair Straightener Brush Heated Straightening Comb with Anti Scald Auto Temperature Lock 6 Heat Levels Frizz-Free 60s Fast Ceramic Heating 360... ,3.5,21.99,177659,https://www.amazon.com/Straightener-Straightening-Temperature-Frizz-Free-Portable/dp/B07V49BTYR/ref=sr_1_8_sspa?keywords=vertuo+hair+straightener+brush+heated&qid=1565554379&s=gateway&sr=8-8-spons&psc=1&spLa=ZW5jcnlwdGVkUXVhbGlmaWVyPUFES0cyRk0yVkhUSDEmZW5jcnlwdGVkSWQ9QTA3NzYxMTQyMzQ3VEhLOEFFWVlZJmVuY3J5cHRlZEFkSWQ9QTAzNDA0NDkyNTZRTjdaNFJGUksmd2lkZ2V0TmFtZT1zcF9idGYmYWN0aW9uPWNsaWNrUmVkaXJlY3QmZG9Ob3RMb2dDbGljaz10cnVl,,
3in1 wireless charging station,X0025VUHSN,"3 in 1 Wireless Charger Station Stand Pad for iPhone X/XS/XR/8/7/6s/Plus,Apple Watch Charger for Apple Watch 4/3/2/1 Airpods Charging Dock Stand for airpods 1 2",3.5,24.99,123417,https://www.amazon.com/Wireless-Charger-Station-Airpods-Charging/dp/B07RSHQKSK/ref=sr_1_3?keywords=3in1+wireless+charging+station+liuxing&qid=1565556769&s=gateway&sr=8-3,,
pop-up mobile external,X001SQV2IF,"External DVD Drive, Amicool USB 3.0 Type-C CD DVD +/-RW Optical Drive USB C Burner Slim CD/DVD ROM Rewriter Writer Reader Portable for PC Laptop Desktop MacBook Mac Windows 7/8.1/10 Linux OS Apple ",3.5,26.99,131542,https://www.amazon.com/External-Amicool-Optical-Rewriter-Portable/dp/B07PV958PN/ref=sr_1_2_sspa?keywords=RoHs+pop-up+mobile+external+CD+drive&qid=1565555202&s=gateway&sr=8-2-spons&psc=1&spLa=ZW5jcnlwdGVkUXVhbGlmaWVyPUFNODZYVlVMTE9HRFQmZW5jcnlwdGVkSWQ9QTA0NzA4OTAzQUJZR1FKUkFQTzNQJmVuY3J5cHRlZEFkSWQ9QTAyMDI2NThZQ09aUjcyMkhaNlcmd2lkZ2V0TmFtZT1zcF9hdGYmYWN0aW9uPWNsaWNrUmVkaXJlY3QmZG9Ob3RMb2dDbGljaz10cnVl,,
Professional tripod,X0027LFCG3,"ZOMEI Phone Tripod, Video Tripod for Cellphone,Travel Selfie Tripod for Samsung, Huawei,iPhone,Camera and Gopro with Bluetooth Remote Control Smartphone Mount and Mini Phone Fill Light",3.5,29.99,30093,https://www.amazon.com/Cellphone-Samsung-Bluetooth-Control-Smartphone/dp/B07SRSVL1L/ref=sr_1_3?crid=NA6GYL33AYJ3&keywords=yessbon+zomei+phone+tripod&qid=1565557545&s=gateway&sprefix=yessbon%2Caps%2C173&sr=8-3,,
Aberg Best ABcam 218,X001WCK2FT,"AbergBest 21 Mega Pixels 2.7"" LCD Rechargeable HD Digital Camera,Video camera Digital Students cameras,Indoor Outdoor for Adult/Seniors/Kids (Black) ",3.5,40.99,31388,https://www.amazon.com/AbergBest-Rechargeable-Digital-Students-cameras/dp/B078YR3MNK/ref=sr_1_fkmr0_1?keywords=aberg+best+webcam+218&qid=1565556077&s=gateway&sr=8-1-fkmr0,,
5in1 grooming kit automatic grinding tool head,X0028EP9RV,Electric Shaver Razor for Men Bald Head Shaver 5 in 1 Grooming Kit Beard Trimmer with Pop-up Trimmer Waterproof USB Fast Charging,3.5,39.99,11844,https://www.amazon.com/Electric-Grooming-Trimmer-Waterproof-Charging/dp/B07TS6NSJ2/ref=sr_1_3?crid=1K2N9XB23AJ1H&keywords=rozia+electric+razor+for+men&qid=1565557897&s=gateway&sprefix=ROZIA+EL%2Caps%2C174&sr=8-3,https://www.ebay.com/itm/Electric-Shaver-Razor-For-Men-Bald-Head-Shaver-5-In-1-Grooming-Kit-Beard-Trimmer/173986221982?epid=23031705424&hash=item2882630f9e:g:geoAAOSwzUVdRppN,
walkie talkie for kids T-388,B07TLKHS8L,Joyfun Walkie Talkies for Kids T-388 Long Distance 2 Way with Flashlight Outdoor Camping & Hiking Gear - 1 Pair ,3.5,22.99,20381,https://www.amazon.com/Camping-Joyfun-Walkie-Talkies-Birthday/dp/B07PRN8JSF/ref=sr_1_3?keywords=walkie+talkie+for+kids+T-388&qid=1565556487&s=gateway&sr=8-3,,
Wireless charging stand 7.5W,X0023A2T91,"BEACOO Wireless Charger, Adjustable Wireless Charging Stand 7.5W Compatible iPhone Xs MAX/XR/XS/X/8/New AirPods, 10W Compatible Galaxy S10/S10 Plus/S10E/S9(No AC Adapter, 3.9ft Type-C Cable Included)",3.5,18.99,123417,https://www.amazon.com/BEACOO-Wireless-Adjustable-Charging-Compatible/dp/B07PMM84MF/ref=sr_1_3?keywords=beacoo%2Bwireless%2Bcharger%2C%2BAdjustable&qid=1565558490&s=gateway&sr=8-3&th=1,,
Buib humidifier miroco ultrasonic cool mist ,X0028ACWFR,Miroco Ultrasonic Cool Mist Humidifier,3.5,12.99,2180545247,https://www.amazon.com/Miroco-Ultrasonic-Cool-Mist-Humidifier/dp/B07TJHMH6Z/ref=sr_1_3?crid=244I4HESE4DK6&keywords=miroco+ultrasonic+cool+mist+humidifier&qid=1565556992&s=gateway&sprefix=miroco+ultrasonic+cool+mist+humidifier%2Caps%2C191&sr=8-3,,
#REF!,X0025DGG13,"Deco Solar Lights Outdoor, Front Door Light IP64 Waterproof Deck Lights for House Patio Yard Walkway Pathway Outside Wall Garden Auto Post Lights (2 Pieces)",3.5,25.89,94940,https://www.amazon.com/Outdoor-Waterproof-Walkway-Pathway-Outside/dp/B07RGH996W/ref=sr_1_5?crid=3TNU3PZ0X2GYM&keywords=qwoo+solar+light&qid=1565558904&s=gateway&sprefix=QWOO+SOL%2Caps%2C174&sr=8-5,,
Solar lights outdoor (2pieces),X00268ZRSH,"Milk Frother, iTeknic Electric Milk Steamer Soft Foam Maker for Hot and Cold Milk Froth, Cappuccino, Coffee, Latte, Double Wall Milk Warmer Heater with Extra Whisks, Non-Stick Interior, Strix Control",3.5,39.98,171754,https://www.amazon.com/iTeknic-Electric-Cappuccino-Non-Stick-Interior/dp/B07RS2NV9J/ref=sr_1_4?crid=18R25OC3JPEJF&keywords=iteknic+milk+frother&qid=1565557728&s=gateway&sprefix=iTeKnic+Milk+Forther%2Caps%2C213&sr=8-4,,
Blood pressure monitor,B07PRKHKGQ,Home Blood Pressure Monitor ?? Upper Arm Blood Pressure Device with LCD Screen ?? Premium Home Health Gadget ?? FDA-Approved ?? Resistant Cuffs for Regular and Large Arms ?? Easy to Use & Read,3.5,33.99,75072,https://www.amazon.com/Outdoor-Waterproof-Walkway-Pathway-Outside/dp/B07PRKHKGQ/ref=sr_1_5?crid=3TNU3PZ0X2GYM&keywords=qwoo+solar+light&qid=1565558904&s=gateway&sprefix=QWOO+SOL%2Caps%2C174&sr=8-5,,
Aroma Mist Diffuser,X0021YX6LT,"Anthun Essential Oil Diffusers,120ml Fragrant Room Sprays Ultrasonic Aroma Mist Atomizer BPA-Free, Waterless Auto-Off, 7 Color LED Lights for Office Home Bedroom Living Room Study Yoga Spa-Wooden Lid ",3.5,28.99,20553,https://www.amazon.com/Anthun-Essential-Diffusers-Ultrasonic-Spa-Wooden/dp/B07NMQK6LV/ref=sr_1_18?keywords=Aroma+Mist+Diffuser&qid=1565558704&s=gateway&sr=8-18,,
Wireless charging mouse,X0026UX98X,"Wireless Mouse, WISFOX 2.4G Noiseless Computer Mouse Wireless Ergonomic Mouse 6 Buttons Rechargeable Wireless Mouse for Laptop USB Mouse with Nano Receiver 5 DPI Adjustable Wireless Mice for PC(Blue)",3.5,9.99,23160,https://www.amazon.com/Wireless-Mouse-WISFOX-Rechargeable-Adjustable/dp/B07S6MMLSB/ref=sr_1_1_sspa?crid=1QLDUT4MG5MYW&keywords=wisfox+wireless+mouse&qid=1565559557&s=gateway&sprefix=WISFOX+%2Caps%2C177&sr=8-1-spons&psc=1&spLa=ZW5jcnlwdGVkUXVhbGlmaWVyPUEySjczMFFWV0dRWU1BJmVuY3J5cHRlZElkPUEwMzI5ODUwVlZGTjlURUxZNlNYJmVuY3J5cHRlZEFkSWQ9QTAwMjMyMDNSTzVBS1FHUTJWMTYmd2lkZ2V0TmFtZT1zcF9hdGYmYWN0aW9uPWNsaWNrUmVkaXJlY3QmZG9Ob3RMb2dDbGljaz10cnVl,https://www.ebay.com/itm/Wireless-Mouse-2-4G-Noiseless-Computer-Mouse-Wireless-Ergonomic-Mouse-6-Button/362710989178?hash=item547342797a:g:FJQAAOSwYo5dPLqu,
Wireless keyboard,X0022YHBUZ,"COO Keyboard Case for Galaxy Tab S4 10.5, Heavy Duty PU Leather Case with Detachable Backlit Wireless Keyboard Compatible 2018 Samsung Galaxy Tab S4 10.5 (Model SM-T830/T835/T837), Blue",3.5,42.99,176973,https://www.amazon.com/COO-Keyboard-Detachable-Wireless-Compatible/dp/B07PFDB46C/ref=sr_1_4?keywords=coo%2Bkeyboard%2Bcase%2Bfor%2Bgalaxy&qid=1565560403&s=gateway&sr=8-4&th=1,https://www.ebay.com/itm/COO-Keyboard-Case-for-Galaxy-Tab-S4-10-5-Heavy-Duty-PU-Leather-Case-with-2018/273960195617?hash=item3fc94cd621:g:LtwAAOSwOPxdTGO3,
interchangeable hair curler 5 IN 1,X00285443F,Culwad 5 in 1 Curling Iron Wand Set with 5 Interchangeable Hair Wand Ceramic Barrels with Heat Protective Glove for Girls Women Gift,3.5,39.99,1164900534,https://www.amazon.com/Culwad-Curling-Interchangeable-Ceramic-Protective/dp/B07TG7GFWM/ref=sr_1_23?keywords=interchangeable+hair+curler+5+IN+1&qid=1565560345&s=gateway&sr=8-23,,
ZOHAN EM054 Electronic Shooting Ear Protection Muff | Slim Electronic Earmuff with Sound Amplification Noise Reduction | Perfect for Hunting & Shooting Range,X0026HN3CN,ZOHAN EM054 Electronic Shooting Ear Protection Muff | Slim Electronic Earmuff with Sound Amplification Noise Reduction | Perfect for Hunting & Shooting Range,3.5,29.99,73942,https://www.amazon.com/ZOHAN-Electronic-Protection-Amplification-Reduction/dp/B07S1MFPYY/ref=sr_1_1_sspa?crid=75M02AB3XGHY&keywords=zohan+em054&qid=1565560764&s=gateway&sprefix=ZOHAN+EM%2Caps%2C173&sr=8-1-spons&psc=1&spLa=ZW5jcnlwdGVkUXVhbGlmaWVyPUExQ0Q5OFlJWUc2RVROJmVuY3J5cHRlZElkPUEwOTg4MzM1MlVYMkRORUhYOTBZVSZlbmNyeXB0ZWRBZElkPUEwNzk1MTA0M082OVVKWE9CQUdXNCZ3aWRnZXROYW1lPXNwX2F0ZiZhY3Rpb249Y2xpY2tSZWRpcmVjdCZkb05vdExvZ0NsaWNrPXRydWU=,,
Electronic Shooting Ear Protection Muff | ZOHAN Sound Amplification Noise Reduction Hunting Earmuff - NRR 22dB -OD Green,X001TNFXT1,Electronic Shooting Ear Protection Muff | ZOHAN Sound Amplification Noise Reduction Hunting Earmuff - NRR 22dB -OD Green,3.5,29.99,73942,https://www.amazon.com/ZOHAN-Electronic-Professional-Amplification-Reduction/dp/B07DN6WZG9/ref=sr_1_3?crid=269G1AI6HTH3V&keywords=zohan+electronic+shooting+earmuff&qid=1565560920&s=gateway&sprefix=zohan+%2Caps%2C182&sr=8-3,,
Surface Pro 4 Charger 44W 15V 2.58A power blue,X002086Z9L,Trohestar Surface Pro 4 Charger 44W 15V 2.58A Power Adapter Laptop Charger Compatible with Microsoft Surface Pro 3 Pro 4 Pro 5 Pro 2017 Pro 6 Surface Laptop Surface Book Include Travel Case (Blue),3.5,22.98,31510,https://www.amazon.com/Trohestar-Surface-Charger-Compatible-Microsoft/dp/B07MJ5D2Q9/ref=sr_1_3?keywords=trohestar+surface+pro+4+charger+44w&qid=1565561896&s=gateway&sr=8-3,,
Surface Pro 4 Charger 36W 12V 2.58A Power red,X0024K53W5,Trohestar Surface Pro 4 Charger 36W 12V 2.58A Power Adapter Laptop Charger Compatible with Microsoft Surface Pro 3 Pro 4 Pro 5 Pro 2017 Pro 6 Surface Laptop Surface Book Include Travel Case (Red),3.5,20.99,31510,https://www.amazon.com/Trohestar-Surface-Charger-Compatible-Microsoft/dp/B07R5WVGTW/ref=sr_1_3?keywords=trohestar%2Bsurface%2Bpro%2B4%2Bcharger%2B36w&qid=1565561434&s=gateway&sr=8-3&th=1,,
Surface Pro 4 Charger 36W 12V 2.58A Power black,X0024NVY9X,Trohestar Surface Pro 4 Charger 36W 12V 2.58A Power Adapter Laptop Charger Compatible with Microsoft Surface Pro 3 Pro 4 Pro 5 Pro 2017 Pro 6 Surface Laptop Surface Book Include Travel Case (Black),3.5,20.99,31510,https://www.amazon.com/Trohestar-Surface-Charger-Compatible-Microsoft/dp/B07R5WZ4YN/ref=sr_1_3?keywords=trohestar+surface+pro+4+charger+36w&qid=1565561434&s=gateway&sr=8-3,,
Pangton Villa flexible led strip 16 colors ,X0020U6WMJ,by trohestar,3.5,26.99,116022,https://www.amazon.com/PANGTON-VILLA-Led-Strip-Lights/dp/B07K8898JN/ref=sr_1_3?keywords=pangton+villa+16+colors&qid=1565561224&s=gateway&sr=8-3,,
1875W Professional Hair Dryer,X001Z4GQBX,"VASLON 1875W Professional Hair Dryer,Nano Ionic Blow Dryer Professional Salon Hair Blow Dryer Fast Dry Low Noise,with Concentrator, Diffuser, 2 Speed and 3 Heat Setting",3.5,39.99,11858,https://www.amazon.com/VASLON-Professional-Concentrator-Diffuser-Setting/dp/B07L5JZ19T/ref=sr_1_3?crid=18L6D8FIBPYAP&keywords=vaslon+1875w+professional+hair+dryer&qid=1565562635&s=gateway&sprefix=VASLON+1875W+%2Caps%2C185&sr=8-3,https://www.ebay.com/itm/VASLON-1875W-Professional-Hair-Dryer-Nano-Ionic-Blow-Dryer-Fast-Dry-Low-Noise/372725924882?hash=item56c8324412:g:J0YAAOSw6TtdP-Dg,
Mini dehumidifier,X0022F6Z83,"Afloia Portable Small Dehumidifier for Bathroom, Electic Mini Home dehumidifier for Home Deshumidificador Home Dehumidifier for Baby Room Bathroom Space Bedroom RV Basement, Caravan, Office (500ml)",3.5,29.99,79621,https://www.amazon.com/Afloia-Portable-Dehumidifier-dehumidifier-Deshumidificador/dp/B07V43VJYT/ref=sr_1_9?keywords=afloia+electric+home&qid=1565563664&s=gateway&sr=8-9,https://www.ebay.com/itm/Afloia-Portable-Small-Space-Dehumidifier-For-Bathroom-Bedroom-Office-RV-500ml/254327902852?hash=item3b371fd284:g:oKUAAOSwUeldUIGi,
Security lights motion outdoor flood light LED,X0026FJSFV,"JJC LED Security Lights Motion Sensor Flood Light Outdoor,20W(120W Equiv.)1800LM,IP65 Waterproof,3000K Warm White DLC & ETL Listed Outdoor Lighting",3.5,25.99,183393,https://www.amazon.com/JJC-Security-Outdoor-Waterproof-Lighting/dp/B07S17HSGM/ref=sr_1_4?keywords=JJC+LED+SECURITY&qid=1565563919&s=gateway&sr=8-4,,
30W Security lights motion outdoor flood light LED,X0026KMEUH,"JJC LED Security Lights Motion Sensor Flood Light Outdoor,30W(250W Equiv.)2700LM,IP65 Waterproof,3000K-Warm White DLC & ETL Listed Outdoor Lighting for Garage Yard Garden Porch",3.5,31.99,183393,https://www.amazon.com/JJC-Security-Waterproof-3000K-Warm-Lighting/dp/B07S195HWR/ref=sr_1_3?keywords=JJC+LED+SECURITY+30W&qid=1565564101&s=gateway&sr=8-3,https://www.ebay.com/itm/JJC-LED-Security-Lights-Motion-Sensor-Flood-Light-Outdoor-30W-250W/383092275106?hash=item59321437a2:g:ZIEAAOSwnBpdSvER,
